,Date,Trips over the past 24-hours (midnight to 11:59pm),24-Hour Passes Purchased (midnight to 11:59 pm),Annual Memberships Sold,Miles traveled today (midnight to 11:59 pm)
0,1/1/17,16009,1237,206624,50761.0
0,1/1/2014,6559,268,95971,9.254
0,1/1/2015,5792,267,127279,9191.0
0,1/1/2016,11009,919,159362,24429.0
0,1/1/2018,5499,123,253490,11483.0
0,1/1/2019,22145,2429,297823,44131.0
9,1/10/17,23232,67,206955,46216.0
9,1/10/2014,10685,49,96189,13.433
9,1/10/2015,6826,51,127383,8189.0
9,1/10/2016,14275,391,159682,25404.0
9,1/10/2018,28252,142,253720,50218.0
9,1/10/2019,39449,478,298299,53225.0
10,1/11/17,32419,208,206981,63099.0
10,1/11/2014,8333,101,96225,10.735
10,1/11/2015,8204,68,127395,10199.0
10,1/11/2016,22937,155,159731,37393.0
10,1/11/2018,33961,244,253757,66584.0
10,1/11/2019,33196,465,298331,44226.0
11,1/12/17,39783,479,207021,84763.0
11,1/12/2014,13549,350,96247,19.141
11,1/12/2015,9441,27,127408,11589.0
11,1/12/2016,25211,151,159761,38958.0
11,1/12/2018,22252,152,253786,46403.0
11,1/12/2019,25431,772,298361,35133.0
12,1/13/17,33611,373,207059,75847.0
12,1/13/2014,22377,224,96276,30.829
12,1/13/2015,14134,23,127418,17429.0
12,1/13/2016,21133,82,159792,31608.0
12,1/13/2018,17758,355,253809,30418.0
12,1/13/2019,23020,700,298399,33018.0
13,1/14/17,13819,252,207087,43090.0
13,1/14/2014,10849,45,96348,13.270999999999999
13,1/14/2015,14396,43,127427,18105.0
13,1/14/2016,23780,123,159813,37295.0
13,1/14/2018,12394,183,253827,32949.0
13,1/14/2019,35408,402,298439,48021.0
14,1/15/17,17384,476,207120,50738.0
14,1/15/2014,23500,241,96391,32.303000000000004
14,1/15/2015,15463,64,127434,19803.0
14,1/15/2016,28435,379,159841,45993.0
14,1/15/2018,17637,150,253857,41770.0
14,1/15/2019,39538,511,298470,54751.0
15,1/16/17,24110,448,207163,51664.0
15,1/16/2014,21528,208,96453,28.807
15,1/16/2015,15059,94,127441,19084.0
15,1/16/2016,19178,803,159885,35791.0
15,1/16/2018,30278,189,253895,60053.0
15,1/16/2019,40854,513,298510,56553.0
16,1/17/17,18646,63,207198,40697.0
16,1/17/2014,21840,282,96509,30.773000000000003
16,1/17/2015,8243,152,127453,10818.0
16,1/17/2016,12024,387,159910,20487.0
16,1/17/2018,19010,52,253921,36319.0
16,1/17/2019,39417,463,298546,53430.0
17,1/18/17,30857,146,207224,57978.0
17,1/18/2014,10222,176,96576,14.595999999999998
17,1/18/2015,2038,12,127461,2435.0
17,1/18/2016,12718,123,159931,19998.0
17,1/18/2018,27662,92,253952,52573.0
17,1/18/2019,34478,542,298574,47215.0
18,1/19/17,36561,391,207262,72077.0
18,1/19/2014,9768,194,96616,13.591
18,1/19/2015,11913,124,127470,15733.0
18,1/19/2016,17281,64,159957,26966.0
18,1/19/2018,30525,216,253983,50322.0
18,1/19/2019,23933,865,298595,34580.0
1,1/2/17,8921,142,206675,21545.0
1,1/2/2014,9334,66,96000,11.735999999999999
1,1/2/2015,12371,298,127293,18222.0
1,1/2/2016,14587,877,159403,29093.0
1,1/2/2018,18818,125,253558,39352.0
1,1/2/2019,38249,1062,297908,58975.0
19,1/20/17,26752,184,207288,56479.0
19,1/20/2014,14581,133,96654,20.102999999999998
19,1/20/2015,17615,93,127502,22740.0
19,1/20/2016,23419,126,159972,35477.0
19,1/20/2018,28507,1044,254025,59336.0
19,1/20/2019,14440,368,298616,19131.0
20,1/21/17,26610,957,207336,64662.0
20,1/21/2014,4171,5,96701,5.428999999999999
20,1/21/2015,16734,67,127520,21228.0
20,1/21/2016,23671,133,159991,36048.0
20,1/21/2018,27908,1013,254092,61571.0
20,1/21/2019,10392,141,298632,11911.0
21,1/22/17,20523,520,207368,49368.0
21,1/22/2014,2762,4,96733,4.061
21,1/22/2015,17435,74,127530,22630.0
21,1/22/2016,20950,115,160004,31344.0
21,1/22/2018,36864,345,254144,68638.0
21,1/22/2019,28913,315,298665,37788.0
22,1/23/17,15822,54,207399,37687.0
22,1/23/2014,5743,9,96741,8.336
22,1/23/2015,17080,95,127545,22248.0
22,1/23/2016,0,0,160005,0.0
22,1/23/2018,28796,179,254191,63693.0
22,1/23/2019,42028,526,298692,59442.0
23,1/24/17,13171,28,207414,35619.0
23,1/24/2014,6901,15,96757,9.375
23,1/24/2015,5275,41,127552,6723.0
23,1/24/2016,0,0,160013,0.0
23,1/24/2018,36078,232,254236,69596.0
23,1/24/2019,20328,260,298721,27931.0
24,1/25/17,36931,301,207453,71418.0
24,1/25/2014,4716,34,96770,6.004
24,1/25/2015,10235,202,127559,14421.0
24,1/25/2016,0,0,160020,0.0
24,1/25/2018,31147,181,254263,51927.0
24,1/25/2019,39298,621,298748,54567.0
25,1/26/17,33002,223,207501,63750.0
25,1/26/2014,5462,37,96784,6.691
25,1/26/2015,4537,15,127566,5979.0
25,1/26/2016,0,0,160028,0.0
25,1/26/2018,33073,313,254301,61857.0
25,1/26/2019,26607,933,298778,38634.0
26,1/27/17,32394,231,207540,70189.0
26,1/27/2014,14304,55,96804,18.127
26,1/27/2015,1405,36,127569,2343.0
26,1/27/2016,6760,54,160039,13698.0
26,1/27/2018,34348,1415,254368,70146.0
26,1/27/2019,30338,1510,298828,48280.0
27,1/28/17,21302,402,207567,53955.0
27,1/28/2014,11066,18,96830,13.722000000000001
27,1/28/2015,6223,12,127575,9907.0
27,1/28/2016,11944,81,160053,22314.0
27,1/28/2018,20100,334,254415,38221.0
27,1/28/2019,36173,448,298878,49109.0
28,1/29/17,22527,585,207620,62854.0
28,1/29/2014,10838,21,96852,13.394
28,1/29/2015,9845,31,127586,14171.0
28,1/29/2016,16028,118,160064,26896.0
28,1/29/2018,36799,274,254466,68868.0
28,1/29/2019,31355,341,298919,42066.0
2,1/3/17,14198,42,206728,25879.0
2,1/3/2014,1288,1,96042,1.855
2,1/3/2015,4834,96,127300,6282.0
2,1/3/2016,15499,784,159459,29616.0
2,1/3/2018,24299,164,253591,42853.0
2,1/3/2019,42181,969,297976,62500.0
29,1/30/17,29616,163,207673,59975.0
29,1/30/2014,13198,42,96885,16.914
29,1/30/2015,9943,21,127595,12945.0
29,1/30/2016,12964,328,160084,23350.0
29,1/30/2018,27996,114,254492,59260.0
29,1/30/2019,25496,263,298947,33178.0
30,1/31/17,25169,62,207706,48684.0
30,1/31/2014,15886,130,96912,21.541
30,1/31/2015,5752,38,127596,7328.0
30,1/31/2016,16112,533,160118,31280.0
30,1/31/2018,31276,141,254539,54440.0
30,1/31/2019,18882,186,298975,22917.0
3,1/4/17,34039,475,206778,69966.0
3,1/4/2014,2494,14,96065,3.7060000000000004
3,1/4/2015,8509,152,127308,11700.0
3,1/4/2016,19593,166,159502,36172.0
3,1/4/2018,1922,2,253604,5328.0
3,1/4/2019,44420,1173,298017,65739.0
4,1/5/17,28393,214,206845,52446.0
4,1/5/2014,2937,17,96084,3.72
4,1/5/2015,15792,88,127336,20022.0
4,1/5/2016,18053,121,159534,32049.0
4,1/5/2018,4972,14,253614,14303.0
4,1/5/2019,17636,462,298048,24326.0
5,1/6/17,24177,157,206879,48964.0
5,1/6/2014,10481,30,96102,13.015999999999998
5,1/6/2015,9483,2,127354,12003.0
5,1/6/2016,24569,265,159564,40996.0
5,1/6/2018,4294,9,253624,9479.0
5,1/6/2019,31764,1711,298094,50481.0
6,1/7/17,4425,21,206892,23556.0
6,1/7/2014,7144,5,96124,8.2
6,1/7/2015,10685,5,127363,12791.0
6,1/7/2016,27773,318,159588,45986.0
6,1/7/2018,5640,41,253640,9387.0
6,1/7/2019,36928,514,298152,52310.0
7,1/8/17,6417,27,206907,22756.0
7,1/8/2014,10162,28,96152,11.767999999999999
7,1/8/2015,9777,18,127372,11667.0
7,1/8/2016,28709,364,159621,47061.0
7,1/8/2018,15820,45,253661,31294.0
7,1/8/2019,41728,654,298218,60469.0
8,1/9/17,15856,30,206933,35209.0
8,1/9/2014,14571,74,96171,18.401
8,1/9/2015,8631,16,127376,11093.0
8,1/9/2016,20846,632,159654,37341.0
8,1/9/2018,25090,112,253690,50981.0
8,1/9/2019,44882,646,298263,63480.0
0,10/1/17,55503,3511,246193,139011.0
0,10/1/18,71387,2618,290631,120257.0
0,10/1/2013,44772,1004,85494,73.665
0,10/1/2014,31197,330,124846,44612.0
0,10/1/2015,34719,804,150933,55662.0
0,10/1/2016,39809,2017,200544,91771.0
9,10/10/17,74117,2016,247615,155978.0
9,10/10/18,77317,3115,291765,132255.0
9,10/10/2013,34107,482,89951,49.732
9,10/10/2014,34690,905,125464,54690.0
9,10/10/2015,39348,3864,152260,87575.0
9,10/10/2016,52248,2013,201664,107487.0
10,10/11/17,63587,1146,247767,126748.0
10,10/11/18,46862,1323,291862,70173.0
10,10/11/2013,36381,798,90121,56.497
10,10/11/2014,14805,528,125487,23278.0
10,10/11/2015,38967,4004,152421,92607.0
10,10/11/2016,58754,1172,201761,113228.0
11,10/12/17,61244,1070,247896,123433.0
11,10/12/18,67686,3453,291962,113055.0
11,10/12/2013,35480,2855,90301,69.84100000000001
11,10/12/2014,26259,2083,125529,52781.0
11,10/12/2015,45584,2452,153049,102884.0
11,10/12/2016,57497,1170,201880,119851.0
12,10/13/17,67016,1768,248038,136608.0
12,10/13/18,54747,2430,292029,100652.0
12,10/13/2013,31501,2208,90522,59.556000000000004
12,10/13/2014,25616,749,125589,40275.0
12,10/13/2015,49047,1235,153382,101421.0
12,10/13/2016,61209,1064,201984,117523.0
13,10/14/17,58771,3680,248167,142476.0
13,10/14/18,54297,4805,292158,103697.0
13,10/14/2013,36186,1291,90770,60.261
13,10/14/2014,36529,869,125651,61691.0
13,10/14/2015,50000,1069,153619,99751.0
13,10/14/2016,60561,1592,202090,123000.0
14,10/15/17,56529,3381,248382,137364.0
14,10/15/18,59181,1958,292262,92219.0
14,10/15/2013,41459,934,90977,66.625
14,10/15/2014,31784,506,125703,49319.0
14,10/15/2015,48783,1318,153784,96975.0
14,10/15/2016,51991,3904,202215,138233.0
15,10/16/17,61729,997,248552,125800.0
15,10/16/18,66661,2200,292370,104171.0
15,10/16/2013,40644,789,91171,64.115
15,10/16/2014,29845,499,125763,47808.0
15,10/16/2015,46486,1522,153866,93266.0
15,10/16/2016,48866,3195,202343,126550.0
16,10/17/17,64480,1030,248712,122345.0
16,10/17/18,67868,2341,292469,107762.0
16,10/17/2013,40363,815,91343,63.927
16,10/17/2014,37759,1180,125816,64389.0
16,10/17/2015,31811,2239,154026,70864.0
16,10/17/2016,62649,1447,202502,132131.0
17,10/18/17,70233,1202,248878,147842.0
17,10/18/18,61668,1969,292519,94356.0
17,10/18/2013,41775,1267,91551,69.165
17,10/18/2014,27634,1806,125865,52554.0
17,10/18/2015,23978,1141,154092,49590.0
17,10/18/2016,68224,1656,202653,143635.0
18,10/19/17,72311,1491,249016,143664.0
18,10/19/18,64735,3012,292604,105730.0
18,10/19/2013,32469,2146,91659,59.523
18,10/19/2014,21017,1000,125914,35039.0
18,10/19/2015,36570,661,154422,66941.0
18,10/19/2016,69758,1902,202772,145347.0
1,10/2/17,65509,1408,246402,141748.0
1,10/2/18,73113,2666,290788,122234.0
1,10/2/2013,45667,1129,85773,76.149
1,10/2/2014,38286,602,124959,60639.0
1,10/2/2015,9444,65,150976,12111.0
1,10/2/2016,41018,2147,200664,100425.0
19,10/20/17,72174,2246,249162,157255.0
19,10/20/18,56281,5644,292711,109142.0
19,10/20/2013,32016,2114,91815,60.67
19,10/20/2014,30928,514,125968,48030.0
19,10/20/2015,45377,1093,154499,89988.0
19,10/20/2016,63668,1377,202893,131686.0
20,10/21/17,65872,5093,249378,169402.0
20,10/21/18,39192,2488,292811,64764.0
20,10/21/2013,38348,849,92029,62.216
20,10/21/2014,34710,539,126008,53960.0
20,10/21/2015,49121,1339,154626,100309.0
20,10/21/2016,40865,724,202960,80787.0
21,10/22/17,62148,4596,249596,153444.0
21,10/22/18,57919,1721,292899,88293.0
21,10/22/2013,39741,636,92213,60.424
21,10/22/2014,10402,110,126037,13894.0
21,10/22/2015,49604,1342,154799,100026.0
21,10/22/2016,25301,658,203019,55557.0
22,10/23/17,69273,1659,249825,143899.0
22,10/23/18,68086,2356,292992,110293.0
22,10/23/2013,35358,355,92324,50.318999999999996
22,10/23/2014,14886,74,126062,20446.0
22,10/23/2015,44681,1429,154935,90710.0
22,10/23/2016,41462,2616,203137,99878.0
23,10/24/17,48077,466,249930,95599.0
23,10/24/18,64203,1942,293077,98615.0
23,10/24/2013,35238,444,92410,50.61
23,10/24/2014,33022,722,126086,51151.0
23,10/24/2015,31713,2254,155028,71472.0
23,10/24/2016,55254,1145,203269,106893.0
24,10/25/17,71284,1133,250090,142007.0
24,10/25/18,61637,2003,293309,95827.0
24,10/25/2013,33711,592,92505,50.108999999999995
24,10/25/2014,27802,2093,126117,53881.0
24,10/25/2015,29289,1761,155118,62798.0
24,10/25/2016,52667,716,203349,96848.0
25,10/26/17,64002,973,250187,123419.0
25,10/26/18,59861,2292,293508,92569.0
25,10/26/2013,26653,1387,92598,45.372
25,10/26/2014,23077,1220,126166,41308.0
25,10/26/2015,42166,1039,155296,81381.0
25,10/26/2016,52466,809,203410,103870.0
26,10/27/17,69265,1991,250319,139481.0
26,10/27/18,13124,333,293542,17949.0
26,10/27/2013,25980,1362,92698,44.415
26,10/27/2014,31908,519,126229,49892.0
26,10/27/2015,44553,866,155445,83174.0
26,10/27/2016,21054,101,203449,39660.0
27,10/28/17,61345,4306,250499,143571.0
27,10/28/18,42502,3134,293611,74540.0
27,10/28/2013,34298,530,92844,52.643
27,10/28/2014,36429,628,126395,56602.0
27,10/28/2015,20736,128,155572,34040.0
27,10/28/2016,46233,766,203492,89857.0
28,10/29/17,9537,213,250556,20810.0
28,10/29/18,60028,1853,293722,92882.0
28,10/29/2013,36280,450,92944,53.765
28,10/29/2014,32944,466,126460,48378.0
28,10/29/2015,45359,1179,155697,90367.0
28,10/29/2016,42513,2615,203579,103274.0
2,10/3/17,69105,1258,246566,135800.0
2,10/3/18,76769,3141,290947,129720.0
2,10/3/2013,44472,1076,86333,72.635
2,10/3/2014,38956,1276,125024,65739.0
2,10/3/2015,16564,489,151027,25241.0
2,10/3/2016,56369,1514,200829,116682.0
29,10/30/17,49246,771,250681,95502.0
29,10/30/18,65545,1957,293819,102834.0
29,10/30/2013,37817,453,93035,54.94
29,10/30/2014,34658,557,126487,52162.0
29,10/30/2015,44521,1558,155873,90284.0
29,10/30/2016,37760,2971,203697,107572.0
30,10/31/17,60242,1076,250892,115329.0
30,10/31/18,68447,2544,294007,114039.0
30,10/31/2013,33991,464,93137,51.283
30,10/31/2014,30787,653,126503,46834.0
30,10/31/2015,31759,2206,156005,70082.0
30,10/31/2016,50071,1090,203787,107875.0
3,10/4/17,71453,1377,246742,150324.0
3,10/4/18,70698,2838,291073,116337.0
3,10/4/2013,44089,1434,87112,74.223
3,10/4/2014,15088,617,125058,24254.0
3,10/4/2015,30214,2005,151167,59317.0
3,10/4/2016,60196,1035,200954,123551.0
4,10/5/17,70173,1365,246893,150437.0
4,10/5/18,74744,3979,291166,129597.0
4,10/5/2013,37683,2971,87862,73.892
4,10/5/2014,26247,1470,125109,48930.0
4,10/5/2015,44581,1193,151361,78665.0
4,10/5/2016,65031,1240,201115,126942.0
5,10/6/17,70249,2104,247025,148395.0
5,10/6/18,57599,5658,291298,110421.0
5,10/6/2013,29029,1368,88604,49.887
5,10/6/2014,35651,710,125203,56380.0
5,10/6/2015,49720,1328,151461,89905.0
5,10/6/2016,67580,1580,201234,137567.0
6,10/7/17,63630,4996,247206,153928.0
6,10/7/18,60753,6936,291425,127033.0
6,10/7/2013,27504,421,89189,40.324
6,10/7/2014,36931,593,125262,58740.0
6,10/7/2015,50141,1211,151579,89586.0
6,10/7/2016,65881,2398,201369,142612.0
7,10/8/17,41039,2233,247336,100790.0
7,10/8/18,58256,2865,291549,95097.0
7,10/8/2013,42200,896,89521,69.116
7,10/8/2014,37870,667,125354,60594.0
7,10/8/2015,50179,1436,151968,88959.0
7,10/8/2016,34624,2002,201485,86818.0
8,10/9/17,38390,594,247453,78912.0
8,10/9/18,74251,2846,291672,123973.0
8,10/9/2013,40607,714,89769,62.214
8,10/9/2014,36427,709,125407,57865.0
8,10/9/2015,37283,1302,152132,65046.0
8,10/9/2016,21687,713,201539,46334.0
31,11/1/17,60772,717,250975,111304.0
31,11/1/18,74260,3288,294111,128502.0
31,11/1/2013,33193,848,93221,52.035
31,11/1/2014,6739,98,126514,8703.0
31,11/1/2015,30622,2090,156096,66939.0
31,11/1/2016,55944,868,203888,110056.0
40,11/10/17,38432,425,251614,74794.0
40,11/10/18,37809,2649,294689,63740.0
40,11/10/2013,21270,952,93969,33.486
40,11/10/2014,30616,607,126700,46768.0
40,11/10/2015,21585,120,156963,34847.0
40,11/10/2016,50863,813,204728,111472.0
41,11/11/17,28142,832,251657,55350.0
41,11/11/18,36612,2763,294744,64197.0
41,11/11/2013,29544,438,94061,43.019
41,11/11/2014,32312,599,126719,49461.0
41,11/11/2015,37705,712,157038,68696.0
41,11/11/2016,45826,1248,204802,105021.0
42,11/12/17,32471,1191,251699,73187.0
42,11/12/18,51341,1707,294792,79338.0
42,11/12/2013,21505,111,94127,27.48
42,11/12/2014,30830,325,126747,45234.0
42,11/12/2015,37319,430,157143,64556.0
42,11/12/2016,34664,1916,204865,86968.0
43,11/13/17,38752,314,251751,72112.0
43,11/13/18,36957,751,294838,52453.0
43,11/13/2013,25504,157,94189,33.933
43,11/13/2014,22798,252,126770,32395.0
43,11/13/2015,38970,892,157226,70190.0
43,11/13/2016,36806,2076,204958,95679.0
44,11/14/17,52278,493,251802,95328.0
44,11/14/18,49621,935,294882,70932.0
44,11/14/2013,29194,274,94250,40.663000000000004
44,11/14/2014,23452,242,126783,33240.0
44,11/14/2015,25300,1349,157296,50403.0
44,11/14/2016,48810,728,205034,113590.0
45,11/15/17,54230,524,251842,104590.0
45,11/15/18,24948,407,294900,35594.0
45,11/15/2013,31526,601,94305,47.207
45,11/15/2014,15403,522,126797,23774.0
45,11/15/2015,25991,1497,157392,54736.0
45,11/15/2016,22884,105,205073,48797.0
46,11/16/17,49737,521,251884,93532.0
46,11/16/18,34447,761,294915,49576.0
46,11/16/2013,27208,1696,94361,48.1
46,11/16/2014,14544,319,126811,20645.0
46,11/16/2015,40916,833,157491,78389.0
46,11/16/2016,53328,703,205170,107831.0
47,11/17/17,48989,712,251928,93476.0
47,11/17/18,37974,2257,294951,61206.0
47,11/17/2013,19397,652,94425,29.366
47,11/17/2014,8944,25,126823,11294.0
47,11/17/2015,38939,488,157570,68151.0
47,11/17/2016,53889,711,205231,109418.0
48,11/18/17,27745,872,251965,58136.0
48,11/18/18,34390,1916,294988,55093.0
48,11/18/2013,33718,515,94533,52.401
48,11/18/2014,18436,78,126834,23704.0
48,11/18/2015,41486,498,157628,73030.0
48,11/18/2016,53370,1051,205286,109802.0
49,11/19/17,31597,1020,252008,66078.0
49,11/19/18,54540,1522,295037,83935.0
49,11/19/2013,29633,198,94593,40.023
49,11/19/2014,18211,102,126847,24052.0
49,11/19/2015,21890,167,157666,36884.0
49,11/19/2016,41208,2272,205376,98021.0
32,11/2/17,70810,1485,251060,144455.0
32,11/2/18,63746,2817,294186,105906.0
32,11/2/2013,33688,2434,93320,64.833
32,11/2/2014,15730,480,126527,23106.0
32,11/2/2015,44534,1316,156208,89099.0
32,11/2/2016,62133,1242,203993,133258.0
50,11/20/17,45120,501,252041,85295.0
50,11/20/18,51910,1259,295070,75746.0
50,11/20/2013,28286,252,94652,37.925
50,11/20/2014,22682,160,126858,30878.0
50,11/20/2015,38205,890,157702,71192.0
50,11/20/2016,20616,350,205407,45772.0
51,11/21/17,52448,960,252075,95288.0
51,11/21/18,40417,1050,295112,58441.0
51,11/21/2013,31089,289,94697,43.428000000000004
51,11/21/2014,19582,131,126865,25533.0
51,11/21/2015,28038,1572,157731,56288.0
51,11/21/2016,32964,148,205449,69754.0
52,11/22/17,32297,458,252103,69530.0
52,11/22/18,8798,369,295200,12626.0
52,11/22/2013,27503,352,94739,38.76
52,11/22/2014,13838,345,126875,20211.0
52,11/22/2015,23344,905,157781,44743.0
52,11/22/2016,36723,290,205479,72592.0
53,11/23/17,13705,806,252115,32527.0
53,11/23/18,16107,597,295439,23143.0
53,11/23/2013,20396,858,94768,31.638
53,11/23/2014,17012,628,126886,27503.0
53,11/23/2015,30136,382,157830,51812.0
53,11/23/2016,34462,481,205501,73005.0
54,11/24/17,23723,1129,252151,64012.0
54,11/24/18,20087,1137,295530,32011.0
54,11/24/2013,10069,137,94808,12.248
54,11/24/2014,25007,374,126894,37873.0
54,11/24/2015,32218,392,157870,53981.0
54,11/24/2016,12122,641,205518,42343.0
55,11/25/17,30510,1995,252184,73542.0
55,11/25/18,34519,2521,295688,60831.0
55,11/25/2013,20649,118,94843,26.561999999999998
55,11/25/2014,27889,365,126904,39495.0
55,11/25/2015,30295,636,157893,55504.0
55,11/25/2016,20980,1011,205545,62444.0
56,11/26/17,27180,904,252227,60652.0
56,11/26/18,29189,499,296251,42333.0
56,11/26/2013,16206,89,94873,20.283
56,11/26/2014,4064,14,126908,4997.0
56,11/26/2015,13291,1436,157907,35956.0
56,11/26/2016,23810,1356,205572,65654.0
57,11/27/17,46732,553,252277,99410.0
57,11/27/18,49979,802,296351,74556.0
57,11/27/2013,8615,49,94897,10.329
57,11/27/2014,4331,74,126911,5954.0
57,11/27/2015,22829,1859,157929,51342.0
57,11/27/2016,24076,945,205607,74381.0
58,11/28/17,51166,455,252316,97329.0
58,11/28/18,48433,777,296405,69352.0
58,11/28/2013,5668,211,94912,8.377
58,11/28/2014,9157,209,126918,12743.0
58,11/28/2015,15832,1061,157952,32196.0
58,11/28/2016,42086,485,205667,83300.0
59,11/29/17,55290,638,252365,107040.0
59,11/29/18,51468,1054,296452,76715.0
59,11/29/2013,10967,351,94928,15.405999999999999
59,11/29/2014,8974,235,126924,12808.0
59,11/29/2015,18453,888,157997,36854.0
59,11/29/2016,14584,48,205696,30989.0
33,11/3/17,71817,2275,251163,147055.0
33,11/3/18,49127,4200,294256,89639.0
33,11/3/2013,22414,831,93424,34.853
33,11/3/2014,29590,568,126557,45368.0
33,11/3/2015,49326,1567,156301,100760.0
33,11/3/2016,59632,943,204108,124673.0
60,11/30/17,51699,509,252414,97110.0
60,11/30/18,46001,1065,296497,67098.0
60,11/30/2013,10605,401,94955,15.508
60,11/30/2014,13612,449,126937,21244.0
60,11/30/2015,30221,346,158047,52674.0
60,11/30/2016,24434,117,205729,52424.0
34,11/4/17,53433,3086,251269,120119.0
34,11/4/18,50713,5107,294329,98021.0
34,11/4/2013,29474,429,93495,42.802
34,11/4/2014,34612,665,126579,54306.0
34,11/4/2015,49487,1217,156400,99144.0
34,11/4/2016,57867,1538,204195,126507.0
35,11/5/17,34943,1263,251349,76281.0
35,11/5/18,33345,776,294396,47328.0
35,11/5/2013,34179,471,93598,49.677
35,11/5/2014,33764,513,126611,52464.0
35,11/5/2015,43006,849,156499,81276.0
35,11/5/2016,48687,3416,204301,128639.0
36,11/6/17,57606,1052,251433,116318.0
36,11/6/18,40271,1186,294442,56313.0
36,11/6/2013,37785,627,93706,58.125
36,11/6/2014,13882,98,126627,18743.0
36,11/6/2015,47162,1571,156561,95321.0
36,11/6/2016,39413,2293,204428,104186.0
37,11/7/17,36361,643,251487,69588.0
37,11/7/18,67925,2590,294527,112354.0
37,11/7/2013,27849,221,93804,38.518
37,11/7/2014,28053,416,126647,40163.0
37,11/7/2015,35586,2643,156647,79866.0
37,11/7/2016,49883,972,204520,106484.0
38,11/8/17,54211,597,251537,107852.0
38,11/8/18,64441,2191,294595,103621.0
38,11/8/2013,31032,456,93859,45.872
38,11/8/2014,19372,878,126659,31589.0
38,11/8/2015,32318,2361,156743,73329.0
38,11/8/2016,56589,1137,204616,123718.0
39,11/9/17,58416,837,251591,113119.0
39,11/9/18,36952,1064,294647,54282.0
39,11/9/2013,23522,1121,93918,39.116
39,11/9/2014,20225,952,126675,34251.0
39,11/9/2015,42262,899,156820,78410.0
39,11/9/2016,38050,257,204660,75883.0
61,12/1/17,50708,695,252473,99868.0
61,12/1/18,37989,2256,296553,62304.0
61,12/1/2013,14322,456,94997,21.121
61,12/1/2014,20398,281,126956,29977.0
61,12/1/2015,18399,61,158067,29273.0
61,12/1/2016,43233,389,205762,90239.0
70,12/10/17,19815,287,252830,43621.0
70,12/10/18,43358,762,296938,62699.0
70,12/10/2013,13947,39,95418,17.766
70,12/10/2014,11476,23,127036,14590.0
70,12/10/2015,39099,638,158357,69925.0
70,12/10/2016,22379,490,206033,52716.0
71,12/11/17,41838,456,252869,81071.0
71,12/11/18,47335,823,296974,68321.0
71,12/11/2013,20369,93,95444,25.839000000000002
71,12/11/2014,19840,144,127041,27417.0
71,12/11/2015,39059,822,158388,72153.0
71,12/11/2016,17798,287,206049,41740.0
72,12/12/17,42620,262,252915,88499.0
72,12/12/18,47717,748,297005,68600.0
72,12/12/2013,18552,69,95479,23.241999999999997
72,12/12/2014,19393,151,127046,25689.0
72,12/12/2015,31956,2192,158427,68858.0
72,12/12/2016,29035,175,206066,58701.0
73,12/13/17,32623,155,252942,60051.0
73,12/13/18,40736,593,297042,57295.0
73,12/13/2013,19381,161,95507,25.662
73,12/13/2014,13760,324,127050,21276.0
73,12/13/2015,32001,2470,158468,72863.0
73,12/13/2016,39023,299,206090,68858.0
74,12/14/17,27494,134,252960,49648.0
74,12/14/18,44775,1137,297078,66633.0
74,12/14/2013,3983,39,95516,5.072
74,12/14/2014,13255,326,127058,19351.0
74,12/14/2015,32518,606,158529,57195.0
74,12/14/2016,37799,257,206130,71798.0
75,12/15/17,22944,130,252980,41598.0
75,12/15/18,36423,1902,297119,57244.0
75,12/15/2013,8127,76,95535,10.192
75,12/15/2014,21306,186,127065,29232.0
75,12/15/2015,38660,606,158572,67753.0
75,12/15/2016,25002,80,206145,45840.0
76,12/16/16,24484,139,206171,48288.0
76,12/16/17,19060,240,252992,38766.0
76,12/16/18,9835,203,297131,13599.0
76,12/16/2013,16842,67,95568,21.353
76,12/16/2014,18653,119,127075,25116.0
76,12/16/2015,35643,436,158617,61011.0
77,12/17/16,6993,36,206176,22363.0
77,12/17/17,22403,343,253011,49790.0
77,12/17/18,45382,909,297173,66449.0
77,12/17/2013,8552,15,95596,11.009
77,12/17/2014,22350,186,127085,30878.0
77,12/17/2015,21960,120,158643,35033.0
78,12/18/16,16295,168,206200,38459.0
78,12/18/17,40168,409,253054,79914.0
78,12/18/18,41703,656,297205,58360.0
78,12/18/2013,16246,89,95628,21.250999999999998
78,12/18/2014,20679,119,127093,27451.0
78,12/18/2015,30699,384,158671,51270.0
79,12/19/16,25648,119,206225,50405.0
79,12/19/17,49503,541,253087,97301.0
79,12/19/18,44096,877,297238,63165.0
79,12/19/2013,20309,157,95662,26.954
79,12/19/2014,18696,158,127104,24828.0
79,12/19/2015,17776,527,158692,30995.0
62,12/2/17,38922,1513,252514,83660.0
62,12/2/18,18418,554,296584,26501.0
62,12/2/2013,26522,240,95071,37.728
62,12/2/2014,16961,45,126970,22343.0
62,12/2/2015,23782,138,158096,39484.0
62,12/2/2016,42358,440,205794,89092.0
80,12/20/16,27677,202,206250,50408.0
80,12/20/17,41461,422,253142,78833.0
80,12/20/18,34026,751,297269,48713.0
80,12/20/2013,23849,365,95687,33.51
80,12/20/2014,10628,145,127116,13747.0
80,12/20/2015,17029,604,158732,30624.0
81,12/21/16,30611,244,206270,55746.0
81,12/21/17,37592,386,253180,70297.0
81,12/21/18,23996,481,297290,34450.0
81,12/21/2013,19362,962,95723,32.36
81,12/21/2014,9582,170,127126,12740.0
81,12/21/2015,29800,494,158772,54373.0
82,12/22/16,30874,302,206293,56441.0
82,12/22/17,34338,506,253212,62387.0
82,12/22/18,24870,1088,297327,36653.0
82,12/22/2013,16338,741,95765,26.291
82,12/22/2014,14849,156,127138,20321.0
82,12/22/2015,22941,274,158793,39410.0
83,12/23/16,26335,399,206320,53318.0
83,12/23/17,9608,112,253228,24205.0
83,12/23/18,22230,1298,297355,35921.0
83,12/23/2013,7516,70,95793,9.407
83,12/23/2014,10405,68,127146,13946.0
83,12/23/2015,14817,172,158825,28228.0
84,12/24/16,8014,147,206334,28033.0
84,12/24/17,13215,492,253250,37985.0
84,12/24/18,18990,681,297387,27246.0
84,12/24/2013,11971,175,95823,15.562999999999999
84,12/24/2014,4716,36,127155,6183.0
84,12/24/2015,18445,660,158844,35231.0
85,12/25/16,9919,1052,206369,38209.0
85,12/25/17,6479,439,253293,26767.0
85,12/25/18,11177,1080,297426,21483.0
85,12/25/2013,3523,184,95869,5.457999999999999
85,12/25/2014,5354,	456	41,127165,11023.0
85,12/25/2015,12331,2171,158883,37829.0
86,12/26/16,10774,315,206400,32446.0
86,12/26/17,14113,220,253324,32919.0
86,12/26/18,25358,1118,297487,39176.0
86,12/26/2013,10570,134,95920,13.556
86,12/26/2014,10775,464,127183,17715.0
86,12/26/2015,13912,1021,158933,30690.0
87,12/27/16,25946,960,206450,61379.0
87,12/27/17,16365,234,253346,31793.0
87,12/27/18,31169,1510,297527,48943.0
87,12/27/2013,12649,279,95969,17.629
87,12/27/2014,11128,58,127196,21130.0
87,12/27/2015,13176,1064,158993,30096.0
88,12/28/16,23596,619,206476,52937.0
88,12/28/17,13419,121,253365,34438.0
88,12/28/18,12039,334,297555,17576.0
88,12/28/2013,12867,821,96005,21.988000000000003
88,12/28/2014,8719,326,127222,12978.0
88,12/28/2015,18889,756,159046,39889.0
89,12/29/16,13202,104,206503,29631.0
89,12/29/17,13759,177,253395,29284.0
89,12/29/18,29037,2677,297622,54116.0
89,12/29/2013,4070,104,96032,4.986000000000001
89,12/29/2014,14763,37,127244,22499.0
89,12/29/2015,13347,211,159081,24451.0
63,12/3/17,33728,1037,252561,77915.0
63,12/3/18,53974,1308,296664,85524.0
63,12/3/2013,29766,252,95140,42.165
63,12/3/2014,15078,65,126978,23083.0
63,12/3/2015,33917,348,158130,59184.0
63,12/3/2016,29853,854,205824,70853.0
90,12/30/16,21366,641,206543,45743.0
90,12/30/17,5956,53,253407,13910.0
90,12/30/18,22536,1562,297682,37741.0
90,12/30/2013,14222,336,96084,19.982
90,12/30/2014,13277,214,127258,18112.0
90,12/30/2015,22476,888,159148,43736.0
91,12/31/16,15925,798,206585,46810.0
91,12/31/17,6569,94,253443,18326.0
91,12/31/18,18936,962,297748,29794.0
91,12/31/2013,11349,237,96125,14.856
91,12/31/2014,10450,216,127269,14560.0
91,12/31/2015,20375,1072,159215,40032.0
64,12/4/17,49630,649,252618,92142.0
64,12/4/18,49058,867,296708,71843.0
64,12/4/2013,30472,252,95197,43.92
64,12/4/2014,23442,191,126986,33077.0
64,12/4/2015,34737,549,158157,61717.0
64,12/4/2016,27454,930,205857,71729.0
65,12/5/17,41792,381,252686,85008.0
65,12/5/18,46779,814,296753,67536.0
65,12/5/2013,29222,311,95250,41.99
65,12/5/2014,17289,153,126992,23200.0
65,12/5/2015,26355,1638,158183,56227.0
65,12/5/2016,35927,278,205897,80214.0
66,12/6/17,46335,368,252724,87328.0
66,12/6/18,46543,910,296798,66885.0
66,12/6/2013,11626,62,95296,14.674000000000001
66,12/6/2014,4487,59,127004,5787.0
66,12/6/2015,24942,1321,158214,52485.0
66,12/6/2016,33325,228,205939,67187.0
67,12/7/17,45367,427,252761,94653.0
67,12/7/18,43841,948,296843,63353.0
67,12/7/2013,16868,456,95334,24.381
67,12/7/2014,11404,254,127012,16007.0
67,12/7/2015,34139,554,158251,60929.0
67,12/7/2016,38010,270,205967,76605.0
68,12/8/17,41330,443,252791,81217.0
68,12/8/18,29909,1271,296867,44552.0
68,12/8/2013,10892,180,95354,14.17
68,12/8/2014,17015,60,127024,21665.0
68,12/8/2015,35614,411,158284,59619.0
68,12/8/2016,39621,235,205998,72219.0
69,12/9/17,10804,112,252811,20955.0
69,12/9/18,27547,1064,296897,40886.0
69,12/9/2013,16192,58,95401,20.537
69,12/9/2014,7322,18,127031,9458.0
69,12/9/2015,35305,355,158317,59954.0
69,12/9/2016,33540,214,206021,63950.0
31,2/1/17,35221,194,207749,77639.0
31,2/1/2014,13797,349,96935,20.706999999999997
31,2/1/2015,7214,72,127608,9186.0
31,2/1/2016,24334,202,160160,42380.0
31,2/1/2018,35561,212,254590,66984.0
31,2/1/2019,25289,255,298998,31752.0
40,2/10/17,1997,15,208030,8344.0
40,2/10/2014,7643,16,97128,10.867
40,2/10/2015,11289,36,127652,14526.0
40,2/10/2016,22418,130,160395,38402.0
40,2/10/2018,16323,343,254857,37641.0
40,2/10/2019,24434,935,299449,35873.0
41,2/11/17,8959,170,208037,26272.0
41,2/11/2014,9258,22,97154,12.57
41,2/11/2015,12453,46,127657,16204.0
41,2/11/2016,18747,87,160425,27783.0
41,2/11/2018,8809,85,254877,21167.0
41,2/11/2019,39197,563,299493,54362.0
42,2/12/17,5801,26,208054,26468.0
42,2/12/2014,9531,24,97174,12.690999999999999
42,2/12/2015,12651,45,127667,16248.0
42,2/12/2016,16445,104,160450,27143.0
42,2/12/2018,35138,339,254922,68283.0
42,2/12/2019,16044,150,299521,22190.0
43,2/13/17,23857,72,208076,58710.0
43,2/13/2014,978,3,97184,1.725
43,2/13/2015,8595,28,127674,10773.0
43,2/13/2016,6625,46,160459,11589.0
43,2/13/2018,35189,252,254968,69420.0
43,2/13/2019,35523,439,299551,48870.0
44,2/14/17,29668,154,208099,78530.0
44,2/14/2014,4029,16,97191,6.586
44,2/14/2015,5124,54,127678,6392.0
44,2/14/2016,4652,78,160468,6934.0
44,2/14/2018,39591,408,255002,80081.0
44,2/14/2019,42313,773,299589,61381.0
45,2/15/17,32052,170,208137,72383.0
45,2/15/2014,2512,23,97205,3.8339999999999996
45,2/15/2015,2837,12,127681,3289.0
45,2/15/2016,5883,43,160480,8747.0
45,2/15/2018,44193,501,255044,88474.0
45,2/15/2019,47524,1590,299633,74286.0
46,2/16/17,29120,104,208163,63551.0
46,2/16/2014,3362,34,97221,5.063
46,2/16/2015,4500,19,127682,5423.0
46,2/16/2016,14225,53,160505,27802.0
46,2/16/2018,29191,316,255088,57219.0
46,2/16/2019,31347,2030,299683,52760.0
47,2/17/17,28735,247,208200,67530.0
47,2/17/2014,5433,40,97233,8.226
47,2/17/2015,5289,14,127683,6869.0
47,2/17/2016,23572,182,160528,38304.0
47,2/17/2018,17921,537,255118,38834.0
47,2/17/2019,24287,1439,299711,39660.0
48,2/18/17,30571,2078,208258,99126.0
48,2/18/2014,5727,19,97243,8.392999999999999
48,2/18/2015,10001,35,127693,12995.0
48,2/18/2016,22261,202,160550,34431.0
48,2/18/2018,21537,938,255151,50512.0
48,2/18/2019,26176,810,299757,37500.0
49,2/19/17,36963,3746,208347,125166.0
49,2/19/2014,9485,45,97262,14.085999999999999
49,2/19/2015,8485,14,127696,10080.0
49,2/19/2016,21959,268,160568,35317.0
49,2/19/2018,25677,553,255217,62150.0
49,2/19/2019,35226,595,299810,49024.0
32,2/2/17,34517,216,207793,70727.0
32,2/2/2014,15009,449,96958,22.915
32,2/2/2015,1686,6,127608,2635.0
32,2/2/2016,28527,280,160189,47742.0
32,2/2/2018,26313,129,254620,50427.0
32,2/2/2019,22280,627,299032,30802.0
50,2/20/17,32292,1512,208436,91412.0
50,2/20/2014,12971,103,97280,18.707
50,2/20/2015,6825,14,127700,8056.0
50,2/20/2016,24484,1710,160618,53540.0
50,2/20/2018,44478,906,255306,98129.0
50,2/20/2019,20694,221,299835,28763.0
51,2/21/17,32643,308,208516,84767.0
51,2/21/2014,9545,59,97307,12.423
51,2/21/2015,3453,24,127701,4164.0
51,2/21/2016,20052,1228,160685,41645.0
51,2/21/2018,53110,1596,255430,118306.0
51,2/21/2019,40082,961,299871,60375.0
52,2/22/17,38119,439,208594,90651.0
52,2/22/2014,14261,730,97341,25.945
52,2/22/2015,4654,55,127706,6648.0
52,2/22/2016,28233,455,160749,48237.0
52,2/22/2018,27010,147,255485,54857.0
52,2/22/2019,42338,1097,299913,61956.0
53,2/23/17,42434,828,208658,98554.0
53,2/23/2014,14567,666,97379,25.298000000000002
53,2/23/2015,8343,11,127714,10519.0
53,2/23/2016,16133,62,160784,26379.0
53,2/23/2018,25633,165,255534,49639.0
53,2/23/2019,31956,1635,299956,49887.0
54,2/24/17,47031,1534,208767,117155.0
54,2/24/2014,14119,79,97435,19.238
54,2/24/2015,8483,12,127729,10675.0
54,2/24/2016,9761,38,160814,14994.0
54,2/24/2018,25550,956,255597,61251.0
54,2/24/2019,24503,992,299993,37473.0
55,2/25/17,33345,2035,208886,104309.0
55,2/25/2014,14003,50,97511,17.699
55,2/25/2015,12057,49,127739,15655.0
55,2/25/2016,25102,237,160849,42707.0
55,2/25/2018,16149,231,255654,34052.0
55,2/25/2019,34736,495,300029,47207.0
56,2/26/17,24713,849,208966,75196.0
56,2/26/2014,12168,35,97556,15.039000000000001
56,2/26/2015,11047,26,127747,14744.0
56,2/26/2016,22574,254,160887,36101.0
56,2/26/2018,42570,448,255747,84614.0
56,2/26/2019,38126,524,300067,52805.0
57,2/27/17,35984,388,209035,80194.0
57,2/27/2014,13138,54,97584,16.042
57,2/27/2015,10861,57,127753,14313.0
57,2/27/2016,17226,706,160910,37583.0
57,2/27/2018,48514,664,255836,107682.0
57,2/27/2019,37028,464,300097,48666.0
58,2/28/17,41835,504,209119,92642.0
58,2/28/2014,10483,46,97612,13.017000000000001
58,2/28/2015,6836,71,127754,8975.0
58,2/28/2016,25440,2335,160982,61595.0
58,2/28/2018,50707,637,255944,100855.0
58,2/28/2019,38784,652,300157,53031.0
59,2/29/2016,27957,376,161089,47933.0
33,2/3/17,29632,181,207825,64701.0
33,2/3/2014,2839,4,96998,3.635
33,2/3/2015,5443,5,127612,7816.0
33,2/3/2016,16203,63,160216,24225.0
33,2/3/2018,18385,263,254640,40020.0
33,2/3/2019,32274,1743,299103,52757.0
34,2/4/17,19204,413,207861,45120.0
34,2/4/2014,9551,37,97025,12.708
34,2/4/2015,9854,27,127624,13775.0
34,2/4/2016,27765,304,160247,47458.0
34,2/4/2018,13959,224,254670,35121.0
34,2/4/2019,47049,1180,299172,73262.0
35,2/5/17,20059,337,207890,50532.0
35,2/5/2014,3076,8,97046,4.603
35,2/5/2015,9977,13,127630,12607.0
35,2/5/2016,13669,102,160257,25538.0
35,2/5/2018,29068,193,254725,56061.0
35,2/5/2019,54710,1770,299249,87917.0
36,2/6/17,33415,305,207930,72513.0
36,2/6/2014,8227,25,97061,12.640999999999998
36,2/6/2015,9334,26,127635,11948.0
36,2/6/2016,16933,586,160280,38782.0
36,2/6/2018,34102,160,254760,68060.0
36,2/6/2019,39616,754,299296,55696.0
37,2/7/17,23053,54,207962,57760.0
37,2/7/2014,9473,36,97082,14.206
37,2/7/2015,7346,83,127640,10045.0
37,2/7/2016,17605,622,160316,31524.0
37,2/7/2018,15289,30,254781,31573.0
37,2/7/2019,43840,765,299341,62728.0
38,2/8/17,40428,483,208011,90430.0
38,2/8/2014,6640,71,97094,9.562999999999999
38,2/8/2015,7180,65,127642,9671.0
38,2/8/2016,19026,80,160335,28648.0
38,2/8/2018,31563,168,254806,60985.0
38,2/8/2019,36964,864,299383,52442.0
39,2/9/17,0,0,208018,0.0
39,2/9/2014,5527,47,97109,7.806
39,2/9/2015,5717,10,127646,7234.0
39,2/9/2016,22740,156,160364,40198.0
39,2/9/2018,31567,223,254833,57070.0
39,2/9/2019,24041,811,299409,33607.0
59,3/1/17,40592,393,209229,85944.0
59,3/1/2014,9944,255,97650,14.364
59,3/1/2015,3169,37,127763,4042.0
60,3/1/2016,30509,470,161146,55160.0
59,3/1/2018,45562,571,256022,91489.0
59,3/1/2019,30242,522,300183,41583.0
68,3/10/17,18412,95,209758,41971.0
68,3/10/2014,18844,206,98146,25.776999999999997
68,3/10/2015,13080,126,127886,17626.0
69,3/10/2016,42252,1271,161867,82079.0
68,3/10/2018,25443,689,256438,59343.0
68,3/10/2019,18897,662,300611,28056.0
69,3/11/17,15185,183,209781,48379.0
69,3/11/2014,26436,574,98261,41.688
69,3/11/2015,21728,386,127936,33446.0
70,3/11/2016,38193,1266,161987,76636.0
69,3/11/2018,27596,1173,256517,67622.0
69,3/11/2019,52412,1749,300691,80705.0
70,3/12/17,13442,167,209799,38114.0
70,3/12/2014,16273,153,98448,21.803
70,3/12/2015,19246,195,127977,26931.0
71,3/12/2016,32770,3247,162086,81491.0
70,3/12/2018,36339,351,256578,76569.0
70,3/12/2019,47214,1003,300757,66518.0
71,3/13/17,27417,205,209827,58768.0
71,3/13/2014,12164,55,98572,15.663
71,3/13/2015,17850,239,128023,24699.0
72,3/13/2016,27549,2216,162214,63214.0
71,3/13/2018,23137,133,256623,46021.0
71,3/13/2019,50121,1194,300825,71552.0
72,3/14/17,0,0,209843,0.0
72,3/14/2014,17745,209,98639,23.539
72,3/14/2015,4302,60,128041,5592.0
73,3/14/2016,10930,70,162289,16498.0
72,3/14/2018,35377,269,256673,62352.0
72,3/14/2019,57464,1826,300904,86864.0
73,3/15/17,0,0,209859,0.0
73,3/15/2014,19664,1316,98716,35.302
73,3/15/2015,9676,260,128071,13635.0
74,3/15/2016,31595,582,162380,57722.0
73,3/15/2018,39572,462,256724,72192.0
74,3/16/17,0,0,209870,0.0
74,3/16/2014,10740,274,98827,16.054000000000002
74,3/16/2015,18476,273,128108,26091.0
75,3/16/2016,36067,930,162482,68713.0
74,3/16/2018,34921,383,256763,62381.0
75,3/17/17,7098,151,209888,25393.0
75,3/17/2014,13681,106,98904,17.722
75,3/17/2015,16287,178,128143,22462.0
76,3/17/2016,35390,785,162583,65353.0
75,3/17/2018,27671,1015,256823,62524.0
76,3/18/17,4106,93,209910,17446.0
76,3/18/2014,18046,181,98995,24.985
76,3/18/2015,15050,110,128169,11465.0
77,3/18/2016,34647,933,162670,69122.0
76,3/18/2018,25158,839,256880,55182.0
77,3/19/17,10550,339,209943,33344.0
77,3/19/2014,14387,87,99082,19.079
77,3/19/2015,16699,150,128191,16176.0
78,3/19/2016,24048,1411,162733,49113.0
77,3/19/2018,39278,544,256933,83086.0
60,3/2/17,35739,320,209310,73839.0
60,3/2/2014,9017,196,97687,12.288
60,3/2/2015,8019,27,127770,10767.0
61,3/2/2016,26195,235,161198,43535.0
60,3/2/2018,6855,21,256050,23277.0
60,3/2/2019,18001,570,300213,27381.0
78,3/20/17,27378,288,210002,60363.0
78,3/20/2014,21299,292,99160,31.018
78,3/20/2015,8786,58,128204,11465.0
79,3/20/2016,16676,633,162795,29737.0
78,3/20/2018,35532,187,256986,69573.0
79,3/21/17,36824,479,210073,78104.0
79,3/21/2014,22266,386,99280,33.189
79,3/21/2015,10236,367,128216,16176.0
80,3/21/2016,26414,428,162890,44457.0
79,3/21/2018,3755,3,257004,11799.0
80,3/22/17,26927,140,210121,55713.0
80,3/22/2014,21671,1525,99429,42.206
80,3/22/2015,10638,381,128249,16098.0
81,3/22/2016,33496,705,163000,62248.0
80,3/22/2018,27308,216,257040,61715.0
81,3/23/17,29885,291,210160,74345.0
81,3/23/2014,12846,451,99563,19.105
81,3/23/2015,14669,111,128287,18957.0
82,3/23/2016,40981,1279,163136,80289.0
81,3/23/2018,38527,543,257098,77668.0
82,3/24/17,34019,485,210199,82681.0
82,3/24/2014,14729,105,99678,18.838
82,3/24/2015,17532,168,128313,23581.0
83,3/24/2016,36495,1045,163216,67590.0
82,3/24/2018,34396,1755,257167,79562.0
83,3/25/17,29647,1721,210267,86293.0
83,3/25/2014,17388,108,99762,22.135
83,3/25/2015,15851,136,128347,21456.0
84,3/25/2016,34091,1684,163320,70525.0
83,3/25/2018,25562,710,257226,62656.0
84,3/26/17,19893,546,210318,55139.0
84,3/26/2014,15538,91,99841,19.368
84,3/26/2015,16193,125,128385,22876.0
85,3/26/2016,27474,2834,163407,67267.0
84,3/26/2018,40295,718,257315,88831.0
85,3/27/17,26301,318,210388,59614.0
85,3/27/2014,18166,164,99913,25.302
85,3/27/2015,15433,188,128417,21520.0
86,3/27/2016,22481,2080,163501,52462.0
85,3/27/2018,41354,524,257378,88986.0
86,3/28/17,21590,91,210448,46003.0
86,3/28/2014,20025,255,99991,29.858
86,3/28/2015,1255,10,128431,1562.0
87,3/28/2016,20344,375,163589,35548.0
86,3/28/2018,41880,586,257447,80607.0
87,3/29/17,42430,830,210559,91525.0
87,3/29/2014,4870,142,100072,6.546
87,3/29/2015,10585,473,128485,17373.0
88,3/29/2016,31481,588,163681,55067.0
87,3/29/2018,39288,544,257501,84590.0
61,3/3/17,31105,292,209370,68702.0
61,3/3/2014,8618,44,97727,12.02
61,3/3/2015,7178,18,127775,9430.0
62,3/3/2016,24061,215,161243,37848.0
61,3/3/2018,28361,851,256117,61107.0
61,3/3/2019,23240,1115,300264,35764.0
88,3/30/17,39746,669,210623,91041.0
88,3/30/2014,8645,209,100127,13.365
88,3/30/2015,19250,244,128527,26828.0
89,3/30/2016,33674,769,163770,61264.0
88,3/30/2018,34784,1006,257584,78825.0
89,3/31/17,6946,20,210670,23462.0
89,3/31/2014,18686,276,100220,26.78
89,3/31/2015,15199,122,128576,20532.0
90,3/31/2016,38192,1141,163865,79447.0
89,3/31/2018,41779,3856,257701,109399.0
62,3/4/17,15646,252,209404,43108.0
62,3/4/2014,11494,36,97768,14.472999999999999
62,3/4/2015,8265,28,127779,10842.0
63,3/4/2016,17369,150,161268,29100.0
62,3/4/2018,25262,704,256189,60490.0
62,3/4/2019,28424,563,300319,39154.0
63,3/5/17,15919,312,209451,50924.0
63,3/5/2014,14934,90,97807,19.147000000000002
63,3/5/2015,1821,4,127784,2604.0
64,3/5/2016,18023,785,161310,36875.0
63,3/5/2018,36774,357,256263,75190.0
63,3/5/2019,37103,552,300367,50155.0
64,3/6/17,32467,321,209536,72776.0
64,3/6/2014,13758,50,97869,17.12
64,3/6/2015,5953,19,127792,8248.0
65,3/6/2016,18832,837,161379,36377.0
64,3/6/2018,42688,516,256307,80995.0
64,3/6/2019,33287,376,300409,42845.0
65,3/7/17,29683,181,209587,63654.0
65,3/7/2014,14736,108,97907,19.809
65,3/7/2015,6255,96,127799,8849.0
66,3/7/2016,31492,633,161493,56232.0
65,3/7/2018,8188,16,256333,22312.0
65,3/7/2019,35913,468,300450,46582.0
66,3/8/17,43470,694,209656,101573.0
66,3/8/2014,18119,1211,97970,34.814
66,3/8/2015,8711,245,127819,13701.0
67,3/8/2016,36521,723,161604,67958.0
66,3/8/2018,28440,188,256360,53403.0
66,3/8/2019,40416,852,300503,55748.0
67,3/9/17,45251,764,209728,99450.0
67,3/9/2014,13300,496,98052,20.468
67,3/9/2015,16365,218,127852,24159.0
68,3/9/2016,41489,1226,161732,81662.0
67,3/9/2018,34912,344,256393,70068.0
67,3/9/2019,38929,3010,300574,68739.0
0,4/1/17,23849,767,210739,67299.0
0,4/1/18,33148,2363,257811,94040.0
0,4/1/2014,26163,475,100337,40.978
0,4/1/2015,21566,325,128629,31708.0
0,4/1/2016,34448,1113,163963,67595.0
9,4/10/17,50422,2164,212050,124356.0
9,4/10/18,43051,475,258498,89629.0
9,4/10/2014,29722,525,101642,46.023
9,4/10/2015,17648,289,129124,25628.0
9,4/10/2016,23228,1508,164536,49190.0
10,4/11/17,57309,2699,212298,150222.0
10,4/11/18,48612,894,258599,104081.0
10,4/11/2014,29283,632,101814,49.269
10,4/11/2015,20451,1600,129193,39786.0
10,4/11/2016,32048,668,164632,59206.0
11,4/12/17,51188,1493,212484,113959.0
11,4/12/18,53168,1095,258754,114400.0
11,4/12/2014,29773,2710,101954,63.648999999999994
11,4/12/2015,21851,1951,129273,46764.0
11,4/12/2016,23765,316,164703,43504.0
12,4/13/17,52915,2388,212648,131228.0
12,4/13/18,63503,3168,258926,150894.0
12,4/13/2014,29521,2411,102129,65.74600000000001
12,4/13/2015,26980,603,129377,43753.0
12,4/13/2016,37538,761,164790,71788.0
13,4/14/17,52230,3451,212812,149382.0
13,4/14/18,62595,7643,259171,185232.0
13,4/14/2014,31732,993,102357,57.306999999999995
13,4/14/2015,24452,334,129451,36555.0
13,4/14/2016,38502,963,164885,88278.0
14,4/15/17,42531,3981,212950,134526.0
14,4/15/18,20440,525,259252,58497.0
14,4/15/2014,11370,73,102623,14.639000000000001
14,4/15/2015,30184,733,129541,49727.0
14,4/15/2016,39676,1273,164996,86981.0
15,4/16/17,48137,6143,213172,157912.0
15,4/16/18,26288,452,259344,65284.0
15,4/16/2014,21713,279,102751,31.427
15,4/16/2015,29273,617,129639,45915.0
15,4/16/2016,36148,3726,165139,102228.0
16,4/17/17,53247,2019,213385,127619.0
16,4/17/18,44689,589,259470,104884.0
16,4/17/2014,24190,470,102883,36.641999999999996
16,4/17/2015,26164,671,129717,42203.0
16,4/17/2016,38838,4348,165354,115805.0
17,4/18/17,53809,1624,213580,126129.0
17,4/18/18,51110,996,259583,112664.0
17,4/18/2014,22409,628,102996,33.846
17,4/18/2015,31024,3685,129802,71371.0
17,4/18/2016,43989,1595,165576,102730.0
18,4/19/17,45788,738,213703,97587.0
18,4/19/18,38298,407,259704,79890.0
18,4/19/2014,26541,2666,103094,59.461000000000006
18,4/19/2015,23444,1851,129901,46416.0
18,4/19/2016,46075,1130,165812,107515.0
1,4/2/17,39779,3639,210915,130087.0
1,4/2/18,22062,297,257889,50418.0
1,4/2/2014,24299,237,100511,35.54
1,4/2/2015,26346,864,128698,43134.0
1,4/2/2016,21838,1193,164031,46206.0
19,4/20/17,44260,1065,213819,108427.0
19,4/20/18,47049,1241,259820,101982.0
19,4/20/2014,20122,1639,103212,40.814
19,4/20/2015,12080,96,129974,16377.0
19,4/20/2016,44542,1160,166002,104249.0
20,4/21/17,39868,1194,213913,92348.0
20,4/21/18,63594,3142,260015,179681.0
20,4/21/2014,29618,839,103366,50.57
20,4/21/2015,27057,608,130039,43508.0
20,4/21/2016,45568,1307,166153,104484.0
21,4/22/17,34596,5173,214028,101444.0
21,4/22/18,54282,5399,260257,149532.0
21,4/22/2014,29580,560,103642,45.813
21,4/22/2015,23893,374,130109,35999.0
21,4/22/2016,48806,4230,166319,113556.0
22,4/23/17,49106,4541,214278,142563.0
22,4/23/18,57764,1976,260545,131224.0
22,4/23/2014,29341,358,103811,44.266000000000005
22,4/23/2015,23886,311,130168,34259.0
22,4/23/2016,33631,3309,166462,96274.0
23,4/24/17,48692,1143,214462,103241.0
23,4/24/18,58523,1529,260740,126491.0
23,4/24/2014,30515,646,103984,48.32899999999999
23,4/24/2015,22605,421,130211,32678.0
23,4/24/2016,37862,4026,166692,115132.0
24,4/25/17,20332,201,214552,47829.0
24,4/25/18,31213,403,260861,63086.0
24,4/25/2014,30299,767,104144,49.915
24,4/25/2015,22963,2095,130293,46054.0
24,4/25/2016,42303,1698,166902,100925.0
25,4/26/17,37727,595,214654,81859.0
25,4/26/18,66074,2578,261062,150788.0
25,4/26/2014,21785,1720,104270,42.75899999999999
25,4/26/2015,23608,1999,130378,48664.0
25,4/26/2016,34639,741,167048,75454.0
26,4/27/17,52035,1412,214793,122394.0
26,4/27/18,39153,823,261172,85566.0
26,4/27/2014,24093,1616,104388,46.188
26,4/27/2015,27657,609,130486,43197.0
26,4/27/2016,41931,1395,167196,93272.0
27,4/28/17,62199,2963,214965,163665.0
27,4/28/18,56735,6129,261434,158334.0
27,4/28/2014,31279,744,104544,51.168
27,4/28/2015,32481,893,130575,54129.0
27,4/28/2016,37428,927,167311,74857.0
28,4/29/17,57701,5699,215219,180290.0
28,4/29/18,44825,3594,261651,130649.0
28,4/29/2014,20003,160,104720,26.84
28,4/29/2015,34427,1087,130671,59166.0
28,4/29/2016,34878,1051,167439,78020.0
2,4/3/17,43484,970,211075,104217.0
2,4/3/18,25883,189,257942,59477.0
2,4/3/2014,28379,596,100629,44.648999999999994
2,4/3/2015,15978,365,128735,23643.0
2,4/3/2016,15321,448,164102,28615.0
29,4/30/17,42928,2921,215455,125305.0
29,4/30/18,41074,751,261874,91215.0
29,4/30/2014,3093,15,104840,3.572
29,4/30/2015,31756,785,130745,51077.0
29,4/30/2016,38258,4244,167638,110776.0
3,4/4/17,29990,183,211171,63091.0
3,4/4/18,36755,611,258025,80049.0
3,4/4/2014,13593,103,100800,17.644000000000002
3,4/4/2015,15538,1029,128783,27764.0
3,4/4/2016,12302,49,164167,20143.0
4,4/5/17,47635,1192,211310,108281.0
4,4/5/18,39814,972,258086,87382.0
4,4/5/2014,20333,1221,100892,36.797
4,4/5/2015,14962,1208,128846,29709.0
4,4/5/2016,26236,341,164237,43723.0
5,4/6/17,18020,67,211362,44411.0
5,4/6/18,35624,918,258143,83643.0
5,4/6/2014,22643,1641,101019,45.575
5,4/6/2015,25502,1065,128940,43529.0
5,4/6/2016,29364,443,164310,48901.0
6,4/7/17,35779,456,211440,81358.0
6,4/7/18,33245,1661,258231,79955.0
6,4/7/2014,15869,159,101184,21.9
6,4/7/2015,17640,270,129003,24209.0
6,4/7/2016,30400,280,164366,54591.0
7,4/8/17,35936,2719,211589,108886.0
7,4/8/18,28410,1271,258324,67056.0
7,4/8/2014,23636,369,101315,34.85
7,4/8/2015,19223,276,129047,26004.0
7,4/8/2016,30811,542,164425,53039.0
8,4/9/17,43895,4390,211806,137240.0
8,4/9/18,40509,614,258423,87612.0
8,4/9/2014,29194,447,101441,45.619
8,4/9/2015,17723,163,129081,23891.0
8,4/9/2016,12698,346,164455,21151.0
30,5/1/17,56218,1813,215724,136675.0
30,5/1/18,72035,3155,262154,173896.0
30,5/1/2014,29448,780,104903,51.32
30,5/1/2015,30345,917,130840,48736.0
30,5/1/2016,10697,260,167721,29020.0
39,5/10/17,58452,1362,217512,136080.0
39,5/10/18,67454,2408,264852,153260.0
39,5/10/2014,24179,1617,106371,44.945
39,5/10/2015,28962,2444,131752,62364.0
39,5/10/2016,44849,876,168979,89755.0
40,5/11/17,57208,1313,217673,135699.0
40,5/11/18,75262,4240,265052,184114.0
40,5/11/2014,31551,2768,106504,71.587
40,5/11/2015,35068,1084,131884,57873.0
40,5/11/2016,51181,1531,169209,106139.0
41,5/12/17,56671,1784,217840,132477.0
41,5/12/18,34535,2227,265150,91563.0
41,5/12/2014,35209,935,106665,61.465
41,5/12/2015,38186,1103,131979,62939.0
41,5/12/2016,52273,1971,169407,115823.0
42,5/13/17,5704,117,217905,28193.0
42,5/13/18,25985,1237,265260,67247.0
42,5/13/2014,36281,737,106911,59.20399999999999
42,5/13/2015,36162,891,132074,57091.0
42,5/13/2016,32391,855,169570,68317.0
43,5/14/17,38729,2664,218120,114819.0
43,5/14/18,64727,2553,265465,147144.0
43,5/14/2014,33087,586,107115,52.063
43,5/14/2015,44429,4927,132158,80286.0
43,5/14/2016,42063,4186,169769,108807.0
44,5/15/17,54715,1279,218356,129870.0
44,5/15/18,52826,1949,265682,118790.0
44,5/15/2014,28847,566,107279,45.347
44,5/15/2015,37687,1665,132225,64660.0
44,5/15/2016,28662,1865,169933,64857.0
45,5/16/17,64504,1850,218690,157411.0
45,5/16/18,32766,493,265811,75694.0
45,5/16/2014,19561,218,107408,27.664
45,5/16/2015,26142,2392,132293,50862.0
45,5/16/2016,42787,1362,170102,94791.0
46,5/17/17,65791,1864,219023,153500.0
46,5/17/18,49788,1755,265936,107763.0
46,5/17/2014,33141,2968,107522,71.372
46,5/17/2015,34006,3499,132357,73458.0
46,5/17/2016,43396,1012,170276,80744.0
47,5/18/17,63753,1929,219304,149837.0
47,5/18/18,63112,2663,266075,146437.0
47,5/18/2014,30026,2476,107652,61.977
47,5/18/2015,33527,1031,132470,53794.0
47,5/18/2016,44803,1120,170465,93320.0
48,5/19/17,62143,2310,219564,145832.0
48,5/19/18,18026,639,266135,45461.0
48,5/19/2014,34763,914,107806,56.666000000000004
48,5/19/2015,36272,943,132561,58026.0
48,5/19/2016,49184,1471,170680,104291.0
31,5/2/17,61205,1827,216017,142585.0
31,5/2/18,76773,3270,262535,189852.0
31,5/2/2014,35590,1192,105041,60.513999999999996
31,5/2/2015,28295,2799,130899,60188.0
31,5/2/2016,38536,967,167842,84418.0
49,5/20/17,47858,3486,219776,135405.0
49,5/20/18,56946,5458,266399,158983.0
49,5/20/2014,38928,1145,108032,66.578
49,5/20/2015,36020,923,132643,57290.0
49,5/20/2016,52544,2349,170960,118192.0
50,5/21/17,54873,4903,220097,160019.0
50,5/21/18,71218,3551,266669,172936.0
50,5/21/2014,37493,897,108226,61.068999999999996
50,5/21/2015,33076,746,132711,50277.0
50,5/21/2016,30524,2174,171147,72663.0
51,5/22/17,24627,218,220269,61049.0
51,5/22/18,48508,1090,266868,109420.0
51,5/22/2014,26753,470,108372,39.65
51,5/22/2015,33898,1356,132765,58351.0
51,5/22/2016,37804,3159,171349,98270.0
52,5/23/17,60024,1579,220513,139680.0
52,5/23/18,72653,2952,267098,170812.0
52,5/23/2014,26895,793,108493,42.128
52,5/23/2015,25985,2967,132798,56999.0
52,5/23/2016,48578,1549,171680,109072.0
53,5/24/17,60621,1558,220735,135482.0
53,5/24/18,74808,3417,267330,177631.0
53,5/24/2014,18503,1532,108601,35.805
53,5/24/2015,27400,3689,132839,66211.0
53,5/24/2016,34799,696,171898,68156.0
54,5/25/17,17494,143,220840,50743.0
54,5/25/18,69342,4381,267536,174715.0
54,5/25/2014,28266,3535,108710,68.798
54,5/25/2015,30636,3392,132914,69099.0
54,5/25/2016,53441,1702,172154,125803.0
55,5/26/17,53763,2224,221049,133402.0
55,5/26/18,51592,6129,267703,155957.0
55,5/26/2014,29819,3095,108825,70.712
55,5/26/2015,38282,1202,133006,64504.0
55,5/26/2016,52134,1646,172386,124751.0
56,5/27/17,46533,4590,221271,145924.0
56,5/27/18,25813,1631,267815,78075.0
0,5/27/2013,9767,0,17216,21.533
56,5/27/2014,36165,1196,108994,63.451
56,5/27/2015,35952,879,133080,57511.0
56,5/27/2016,46943,1988,172638,106768.0
57,5/28/17,46724,5229,221515,151063.0
57,5/28/18,49040,5148,268037,140226.0
1,5/28/2013,5215,0,19816,8.78
57,5/28/2014,32666,533,109247,49.67
57,5/28/2015,38291,1014,133153,61662.0
57,5/28/2016,34233,3634,172831,95897.0
58,5/29/17,26321,1149,221745,75825.0
58,5/29/18,69090,2896,268305,170334.0
2,5/29/2013,10981,0,21986,21.898000000000003
58,5/29/2014,37184,930,109411,60.222
58,5/29/2015,40179,1648,133217,69343.0
58,5/29/2016,36881,4820,173090,114069.0
32,5/3/17,59251,1537,216239,141936.0
32,5/3/18,69053,2931,262816,165326.0
32,5/3/2014,28254,2440,105233,61.95
32,5/3/2015,30446,3361,130992,69728.0
32,5/3/2016,22858,350,167987,57652.0
59,5/30/17,50192,962,222057,114629.0
59,5/30/18,72321,2742,268645,159297.0
3,5/30/2013,9850,0,23985,20.320999999999998
59,5/30/2014,37875,1191,109555,65.24
59,5/30/2015,33503,3082,133265,69481.0
59,5/30/2016,32627,2782,173422,94241.0
60,5/31/17,59494,1596,222764,142097.0
60,5/31/18,55798,1414,268998,123710.0
4,5/31/2013,9253,0,25615,20.243
60,5/31/2014,30659,2305,109722,61.976000000000006
60,5/31/2015,21196,1606,133339,40580.0
60,5/31/2016,49774,1492,174137,106059.0
33,5/4/17,57428,1626,216436,144583.0
33,5/4/18,71197,3595,263103,177291.0
33,5/4/2014,23450,1479,105385,43.926
33,5/4/2015,35115,1397,131145,63531.0
33,5/4/2016,31619,449,168111,67962.0
34,5/5/17,24009,355,216535,58278.0
34,5/5/18,63325,6557,263371,167568.0
34,5/5/2014,33706,842,105544,58.903999999999996
34,5/5/2015,35990,987,131284,60088.0
34,5/5/2016,39903,970,168262,80750.0
35,5/6/17,46616,3349,216768,127879.0
35,5/6/18,48993,3484,263632,120205.0
35,5/6/2014,35977,836,105763,62.455
35,5/6/2015,32788,712,131366,50987.0
35,5/6/2016,18860,275,168326,42069.0
36,5/7/17,34293,1921,216928,90625.0
36,5/7/18,68915,2973,263992,156297.0
36,5/7/2014,36210,799,105960,58.617
36,5/7/2015,37762,1271,131496,64189.0
36,5/7/2016,31078,2293,168427,78977.0
37,5/8/17,51553,1230,217147,114260.0
37,5/8/18,74310,3046,264308,174749.0
37,5/8/2014,19518,303,106155,28.9
37,5/8/2015,37206,1596,131607,64255.0
37,5/8/2016,31197,2773,168582,84464.0
38,5/9/17,56461,1179,217341,118257.0
38,5/9/18,78454,3038,264589,183295.0
38,5/9/2014,24990,537,106260,37.118
38,5/9/2015,26813,2077,131677,51941.0
38,5/9/2016,45724,1389,168779,103071.0
61,6/1/17,67404,1957,222977,163063.0
61,6/1/18,62890,3049,269167,147780.0
5,6/1/2013,9852,0,26756,26.346999999999998
61,6/1/2014,34597,2912,109861,75.594
61,6/1/2015,16079,162,133401,20369.0
61,6/1/2016,54662,1513,174344,127143.0
70,6/10/17,57086,4764,224455,150903.0
70,6/10/18,41639,3136,270825,106867.0
14,6/10/2013,4504,290,37086,10.138
70,6/10/2014,36959,783,111473,59.916000000000004
70,6/10/2015,41386,1223,133964,69035.0
70,6/10/2016,53235,2022,175697,119143.0
71,6/11/17,51427,3941,224654,140711.0
71,6/11/18,68060,3044,271146,154381.0
15,6/11/2013,14638,1836,37894,34.63
71,6/11/2014,33809,691,111640,55.193000000000005
71,6/11/2015,39083,1060,134041,62993.0
71,6/11/2016,40980,3432,175901,111784.0
72,6/12/17,57870,1561,224889,133564.0
72,6/12/18,76255,3260,271364,166828.0
16,6/12/2013,18960,2767,38805,45.714
72,6/12/2014,32186,644,111761,49.272
72,6/12/2015,36801,1374,134109,60933.0
72,6/12/2016,40636,3335,176087,117814.0
73,6/13/17,60920,1407,225078,129444.0
73,6/13/18,64270,2044,271541,144934.0
17,6/13/2013,8782,701,39442,15.075
73,6/13/2014,20236,565,111895,31.146
73,6/13/2015,31772,3045,134156,67103.0
73,6/13/2016,49069,1364,176273,110720.0
74,6/14/17,60510,1573,225231,137988.0
74,6/14/18,75803,3359,271708,173109.0
18,6/14/2013,16423,2268,40078,33.98
74,6/14/2014,31432,2442,112001,63.83
74,6/14/2015,29829,2633,134220,62977.0
74,6/14/2016,54813,1471,176467,116030.0
75,6/15/17,64761,1885,225430,144513.0
75,6/15/18,72417,4005,271883,160081.0
19,6/15/2013,27276,6107,40702,72.792
75,6/15/2014,31029,2397,112107,65.14
75,6/15/2015,26533,575,134279,38705.0
75,6/15/2016,55049,1524,176711,122197.0
76,6/16/17,56401,1507,225556,128201.0
76,6/16/18,63182,7037,272071,165240.0
20,6/16/2013,23610,4413,41541,59.573
76,6/16/2014,38568,1080,112249,66.964
76,6/16/2015,33832,798,134345,52864.0
76,6/16/2016,46198,1104,176865,100175.0
77,6/17/17,34899,2243,225683,83755.0
77,6/17/18,56218,5760,272306,146611.0
21,6/17/2013,21278,2378,42564,43.897
77,6/17/2014,38963,978,112449,66.789
77,6/17/2015,40009,1145,134414,65208.0
77,6/17/2016,54236,2677,177053,121671.0
78,6/18/17,49469,3730,225864,138414.0
78,6/18/18,63551,2498,272522,136481.0
22,6/18/2013,14826,1236,43394,27.67
78,6/18/2014,38984,905,112622,64.305
78,6/18/2015,37326,792,134468,56562.0
78,6/18/2016,48901,6432,177210,143869.0
79,6/19/17,38308,878,226025,88057.0
79,6/19/18,72168,2902,272780,153883.0
23,6/19/2013,26267,2678,44223,54.405
79,6/19/2014,35327,812,112783,58.66
79,6/19/2015,39350,1543,134516,66914.0
79,6/19/2016,45270,5555,177370,137558.0
62,6/2/17,66905,2315,223162,157299.0
62,6/2/18,60287,5634,269371,158528.0
6,6/2/2013,17590,4723,28253,52.143
62,6/2/2014,38143,1099,110073,68.186
62,6/2/2015,12706,75,133453,15730.0
62,6/2/2016,54401,1649,174516,124918.0
80,6/20/17,64670,1781,226220,146794.0
80,6/20/18,74088,2929,272950,165836.0
24,6/20/2013,28994,2814,45024,59.935
80,6/20/2014,38827,1439,112896,78.661
80,6/20/2015,24937,1747,134548,45872.0
80,6/20/2016,52247,1488,177660,119765.0
81,6/21/17,67215,1666,226394,154525.0
81,6/21/18,70050,3026,273114,158375.0
25,6/21/2013,30660,3465,45815,64.872
81,6/21/2014,33325,2951,113060,69.714
81,6/21/2015,27486,2295,134602,55513.0
81,6/21/2016,53564,1331,177895,116215.0
82,6/22/17,66304,1818,226589,158453.0
82,6/22/18,71084,3736,273291,156062.0
26,6/22/2013,31885,5902,46448,80.433
82,6/22/2014,32300,2532,113154,65.036
82,6/22/2015,39758,1282,134676,66659.0
82,6/22/2016,55749,1476,178168,119611.0
83,6/23/17,55321,1585,226695,129797.0
83,6/23/18,51028,4172,273422,118620.0
27,6/23/2013,30653,4959,47203,76.45
83,6/23/2014,36342,1024,113289,61.528999999999996
83,6/23/2015,34182,824,134743,52805.0
83,6/23/2016,53206,1253,178354,115262.0
84,6/24/17,52150,4277,226849,141282.0
84,6/24/18,55775,5862,273615,152057.0
28,6/24/2013,26636,1844,48135,50.663999999999994
84,6/24/2014,39886,939,113482,66.604
84,6/24/2015,43484,1270,134818,73125.0
84,6/24/2016,54186,2142,178545,123440.0
85,6/25/17,54645,4527,227015,158625.0
85,6/25/18,71747,3441,273820,163026.0
29,6/25/2013,30426,1937,48915,56.075
85,6/25/2014,38035,868,113655,60.763000000000005
85,6/25/2015,41618,1166,134859,68362.0
85,6/25/2016,43000,4069,178715,123815.0
86,6/26/17,62661,2024,227211,145321.0
86,6/26/18,80643,3442,274006,171973.0
30,6/26/2013,32322,2000,49665,59.663000000000004
86,6/26/2014,38610,1051,113784,63.768
86,6/26/2015,40599,1579,134908,68529.0
86,6/26/2016,42992,3784,178893,117472.0
87,6/27/17,64762,1697,227418,151112.0
87,6/27/18,67647,2457,274165,140557.0
31,6/27/2013,28094,1680,50355,55.26
87,6/27/2014,39697,1573,113905,70.902
87,6/27/2015,16271,1143,134935,28233.0
87,6/27/2016,47023,1400,179061,100253.0
88,6/28/17,67740,1893,227679,159263.0
88,6/28/18,50431,1967,274290,104860.0
32,6/28/2013,30595,2268,51029,58.037
88,6/28/2014,31684,2679,114020,65.075
88,6/28/2015,21588,1610,134975,42273.0
88,6/28/2016,49593,1099,179215,99918.0
89,6/29/17,64260,1703,227855,146419.0
89,6/29/18,69856,3940,274467,151785.0
33,6/29/2013,32947,4895,51505,77.226
89,6/29/2014,30784,2450,114142,64.706
89,6/29/2015,39785,1452,135065,69309.0
89,6/29/2016,54882,1402,179403,114793.0
63,6/3/17,56263,4627,223356,155712.0
63,6/3/18,50041,3892,269544,134416.0
7,6/3/2013,8599,1160,29616,18.907
63,6/3/2014,32504,702,110350,52.766999999999996
63,6/3/2015,36345,1129,133535,58749.0
63,6/3/2016,38975,1023,174633,85292.0
90,6/30/17,58660,2024,228047,132583.0
90,6/30/18,54713,5425,274628,134347.0
34,6/30/2013,27285,3592,52125,61.052
90,6/30/2014,36854,1044,114260,61.917
90,6/30/2015,39839,1220,135136,65564.0
90,6/30/2016,54843,1571,179625,125575.0
64,6/4/17,40138,2270,223520,100571.0
64,6/4/18,58910,2372,269763,130774.0
8,6/4/2013,17589,2922,31095,48.666000000000004
64,6/4/2014,39747,950,110588,66.953
64,6/4/2015,34390,806,133598,52792.0
64,6/4/2016,40973,3824,174797,107610.0
65,6/5/17,55882,1286,223719,123795.0
65,6/5/18,71906,2682,269934,155007.0
9,6/5/2013,17433,2821,32620,44.917
65,6/5/2014,27165,692,110758,44.714
65,6/5/2015,32861,959,133641,51079.0
65,6/5/2016,22395,1133,174912,54320.0
66,6/6/17,41268,523,223834,86679.0
66,6/6/18,69797,2479,270119,154726.0
10,6/6/2013,13732,1872,33954,30.987
66,6/6/2014,41291,1668,110904,72.887
66,6/6/2015,27910,2457,133687,55613.0
66,6/6/2016,52130,1861,175118,123879.0
67,6/7/17,64452,1536,223969,149853.0
67,6/7/18,70478,2808,270274,160532.0
11,6/7/2013,1393,66,34449,2.065
67,6/7/2014,34417,2888,111068,74.54899999999999
67,6/7/2015,32881,3295,133752,71994.0
67,6/7/2016,51761,1331,175293,114761.0
68,6/8/17,62652,1631,224131,132716.0
68,6/8/18,72696,3915,270455,163188.0
12,6/8/2013,19899,5013,35233,54.665
68,6/8/2014,33432,2704,111184,73.196
68,6/8/2015,35453,1045,133832,58140.0
68,6/8/2016,42063,673,175420,89460.0
69,6/9/17,66504,2513,224289,156787.0
69,6/9/18,65239,6917,270657,171623.0
13,6/9/2013,23236,5772,36295,71.604
69,6/9/2014,20545,394,111346,32.251999999999995
69,6/9/2015,37322,889,133896,59489.0
69,6/9/2016,52885,1556,175557,127585.0
0,7/1/16,39665,1316,179756,82871.0
0,7/1/17,36737,2828,228157,107126.0
0,7/1/18,45265,4209,274813,120484.0
35,7/1/2013,20151,846,52722,36.168
0,7/1/2014,37970,955,114434,61.17
0,7/1/2015,39019,1251,135204,64472.0
9,7/10/16,41985,3280,181172,123282.0
9,7/10/17,60908,1546,229933,141463.0
9,7/10/18,72501,2999,276399,147441.0
44,7/10/2013,30705,1435,57194,55.948
9,7/10/2014,39779,1052,115605,66.23899999999999
9,7/10/2015,39687,1724,135704,71490.0
10,7/11/16,52853,1440,181381,122260.0
10,7/11/17,61670,1269,230159,141463.0
10,7/11/18,73011,3049,276553,163349.0
45,7/11/2013,29689,1478,57725,56.393
10,7/11/2014,38416,1339,115711,65.516
10,7/11/2015,32620,3190,135755,69705.0
11,7/12/16,56515,1472,181571,120414.0
11,7/12/17,61786,1376,230336,132874.0
11,7/12/18,74857,3520,276703,161182.0
46,7/12/2013,22817,1096,58133,39.97
11,7/12/2014,31413,2697,115810,63.663999999999994
11,7/12/2015,31853,2875,135809,68158.0
12,7/13/16,55471,1510,181748,121029.0
12,7/13/17,56475,1322,230514,126527.0
12,7/13/18,72113,3998,276858,156285.0
47,7/13/2013,30132,3285,58495,64.833
12,7/13/2014,27089,1713,115914,50.105
12,7/13/2015,39586,1273,135890,67998.0
13,7/14/16,50345,1326,181877,108541.0
13,7/14/17,31851,570,230610,70477.0
13,7/14/18,62556,7241,277000,157266.0
48,7/14/2013,33545,3681,58954,75.02
13,7/14/2014,28173,637,116026,43.222
13,7/14/2015,36671,754,135966,58900.0
14,7/15/16,48558,1709,182016,104701.0
14,7/15/17,56499,4761,230772,148067.0
14,7/15/18,52295,5121,277133,132234.0
49,7/15/2013,32565,1382,59593,57.755
14,7/15/2014,24993,410,116142,37.092
14,7/15/2015,35855,873,136023,57781.0
15,7/16/16,38405,3281,182144,103429.0
15,7/16/17,56833,4497,230981,153666.0
15,7/16/18,67072,3101,277344,146307.0
50,7/16/2013,34757,1288,60129,61.856
15,7/16/2014,38610,959,116245,63.61600000000001
15,7/16/2015,43302,1676,136092,76535.0
16,7/17/16,41346,3440,182314,120635.0
16,7/17/17,62555,1675,231225,141323.0
16,7/17/18,48495,1558,277466,97913.0
51,7/17/2013,35172,1303,60619,60.698
16,7/17/2014,41996,1114,116361,70.061
16,7/17/2015,40782,1815,136144,73884.0
17,7/18/16,43681,1062,182488,97216.0
17,7/18/17,66234,1724,231416,144623.0
17,7/18/18,75706,3578,277703,169481.0
52,7/18/2013,33222,1094,61008,56.228
17,7/18/2014,39526,1502,116472,69.416
17,7/18/2015,29619,2800,136188,61739.0
18,7/19/16,54587,1498,182624,116806.0
18,7/19/17,63916,1617,231603,143277.0
18,7/19/18,78004,3938,277891,141327.0
53,7/19/2013,30667,1389,61366,52.784
18,7/19/2014,31943,2796,116551,64.395
18,7/19/2015,29332,2709,136244,61512.0
1,7/2/16,35835,3596,179903,111151.0
1,7/2/17,43035,4314,228306,128397.0
1,7/2/18,58633,2702,275016,130122.0
36,7/2/2013,26682,1435,53310,48.733000000000004
1,7/2/2014,28765,688,114560,44.192
1,7/2/2015,36962,1411,135247,62434.0
19,7/20/16,57213,1601,182792,128799.0
19,7/20/17,59665,1439,231741,131871.0
19,7/20/18,74539,4590,278052,136511.0
54,7/20/2013,29145,2811,61652,58.799
19,7/20/2014,33156,2767,116669,68.542
19,7/20/2015,35960,1052,136315,59568.0
20,7/21/16,54832,1553,182950,128476.0
20,7/21/17,60074,1929,231882,136330.0
20,7/21/18,53651,6266,278195,114977.0
55,7/21/2013,34694,3502,62074,76.31
20,7/21/2014,38963,1162,116812,64.824
20,7/21/2015,39557,1234,136379,66191.0
21,7/22/16,49185,1701,183072,105666.0
21,7/22/17,48013,3634,232049,124272.0
21,7/22/18,44284,4316,278338,87253.0
56,7/22/2013,29787,1005,62577,50.145
21,7/22/2014,40450,992,116969,67.081
21,7/22/2015,43602,1363,136460,75758.0
22,7/23/16,37522,2932,183177,101810.0
22,7/23/17,46945,3164,232212,117035.0
22,7/23/18,53074,2277,278458,88170.0
57,7/23/2013,37296,1390,63026,65.911
22,7/23/2014,37508,816,117090,59.956
22,7/23/2015,43319,1404,136528,75512.0
23,7/24/16,39634,2966,183332,113680.0
23,7/24/17,43793,989,232359,104460.0
23,7/24/18,69754,2957,278651,117924.0
58,7/24/2013,40699,1708,63466,74.469
23,7/24/2014,40419,1064,117229,67.584
23,7/24/2015,41201,1778,136594,72841.0
24,7/25/16,35376,920,183473,85145.0
24,7/25/17,65339,1549,232521,148542.0
24,7/25/18,42988,1474,278742,66587.0
59,7/25/2013,36207,1163,63822,62.188
24,7/25/2014,39768,1457,117340,68.652
24,7/25/2015,32458,3535,136655,73133.0
25,7/26/16,52904,1385,183595,108783.0
25,7/26/17,70329,2054,232674,168603.0
25,7/26/18,71065,3321,278874,122885.0
60,7/26/2013,39499,2073,64182,72.71
25,7/26/2014,29882,2428,117427,59.645
25,7/26/2015,31325,2889,136721,66278.0
26,7/27/16,54148,1403,183731,115744.0
26,7/27/17,65773,1666,232820,144443.0
26,7/27/18,49224,2526,278993,82987.0
61,7/27/2013,37131,4259,64495,82.27
26,7/27/2014,29669,2108,117530,58.193000000000005
26,7/27/2015,39602,1232,136818,67841.0
27,7/28/16,50134,1292,183846,98694.0
27,7/28/17,63911,2293,232984,151514.0
27,7/28/18,61543,7004,279147,129505.0
62,7/28/2013,26780,2391,64884,53.562
27,7/28/2014,36360,877,117703,59.567
27,7/28/2015,41321,1245,136901,69131.0
28,7/29/16,37693,1441,183937,81355.0
28,7/29/17,52955,4085,233138,132509.0
28,7/29/18,63472,7244,279321,137343.0
63,7/29/2013,40018,1712,65381,73.425
28,7/29/2014,41198,1089,117930,68.064
28,7/29/2015,40267,1085,136979,66299.0
2,7/3/16,35347,4095,180016,111116.0
2,7/3/17,48193,3243,228473,130240.0
2,7/3/18,54882,2358,275157,113998.0
37,7/3/2013,25509,1419,53748,46.016000000000005
2,7/3/2014,30078,819,114720,48.573
2,7/3/2015,27821,2818,135294,58884.0
29,7/30/16,27780,2242,184039,72197.0
29,7/30/17,59364,5214,233360,165423.0
29,7/30/18,69512,3490,279509,123639.0
64,7/30/2013,42982,1701,65855,77.917
29,7/30/2014,41207,1116,118075,68.127
29,7/30/2015,31878,785,137044,50297.0
30,7/31/16,27651,1641,184157,70377.0
30,7/31/17,64231,1862,233614,153123.0
30,7/31/18,76253,3637,279702,134233.0
65,7/31/2013,42745,1692,66310,76.982
30,7/31/2014,39282,1065,118204,65.414
30,7/31/2015,39360,1723,137109,69897.0
3,7/4/16,34859,3826,180158,109745.0
3,7/4/17,49924,4929,228669,146441.0
3,7/4/18,48368,5662,275304,136287.0
38,7/4/2013,26004,4219,54073,63.674
3,7/4/2014,14850,1196,114844,27.905
3,7/4/2015,22347,3036,135326,53110.0
4,7/5/16,43736,1357,180338,92107.0
4,7/5/17,60321,1886,228908,149487.0
4,7/5/18,59471,3344,275487,133659.0
39,7/5/2013,25541,2803,54507,53.419
4,7/5/2014,25116,2566,114892,55.725
4,7/5/2015,26708,2829,135384,61185.0
5,7/6/16,51336,1288,180540,109240.0
5,7/6/17,62147,1646,229085,140767.0
5,7/6/18,49504,2650,275614,111660.0
40,7/6/2013,23697,3178,54843,53.761
5,7/6/2014,26615,2392,114978,65.358
5,7/6/2015,36174,1287,135470,62539.0
6,7/7/16,48724,1255,180725,99975.0
6,7/7/17,44068,1283,229241,103656.0
6,7/7/18,60916,7284,275793,173852.0
41,7/7/2013,23688,2703,55284,50.63399999999999
6,7/7/2014,35075,905,115092,59.833999999999996
6,7/7/2015,37930,1071,135548,63163.0
7,7/8/16,44400,1258,180852,91632.0
7,7/8/17,55015,4138,229453,146438.0
7,7/8/18,60486,6667,275988,171826.0
42,7/8/2013,26063,1453,55971,49.831
7,7/8/2014,35734,740,115287,57.828
7,7/8/2015,35900,823,135594,57751.0
8,7/9/16,38138,2844,180990,107359.0
8,7/9/17,57118,4471,229680,159914.0
8,7/9/18,70063,3103,276203,153650.0
43,7/9/2013,30929,1379,56610,55.498999999999995
8,7/9/2014,37588,879,115446,60.912
8,7/9/2015,32734,900,135646,52402.0
31,8/1/16,49395,1359,184325,101134.0
31,8/1/17,66676,1813,233824,147654.0
31,8/1/18,64467,2673,279888,106881.0
66,8/1/2013,23025,415,66644,34.794000000000004
31,8/1/2014,35829,1192,118314,59.202
31,8/1/2015,36088,4286,137654,84287.0
40,8/10/16,50100,1158,186401,101761.0
40,8/10/17,66245,1834,235457,151415.0
40,8/10/18,69617,4266,281572,123534.0
75,8/10/2013,43368,5567,69996,103.744
40,8/10/2014,29339,2303,119351,61.287
40,8/10/2015,40718,1518,138644,74754.0
41,8/11/16,47420,1238,186596,93639.0
41,8/11/17,63134,2360,235623,147098.0
41,8/11/18,36607,2994,281689,69505.0
76,8/11/2013,37161,3826,70368,83.00399999999999
41,8/11/2014,36837,1167,119495,61.708
41,8/11/2015,25692,622,138756,42534.0
42,8/12/16,44729,1467,186771,90685.0
42,8/12/17,60531,5409,235890,173581.0
42,8/12/18,59834,6407,281881,125265.0
77,8/12/2013,35646,1314,70799,62.896
42,8/12/2014,28591,526,119584,41.88
42,8/12/2015,44145,1458,138895,80366.0
43,8/13/16,38903,3333,186990,100035.0
43,8/13/17,57511,4755,236098,162040.0
43,8/13/18,44273,1563,281991,70501.0
78,8/13/2013,25569,787,71121,44.373999999999995
43,8/13/2014,30698,661,119693,49.367
43,8/13/2015,43174,1479,139042,78784.0
44,8/14/16,32961,2154,187173,74055.0
44,8/14/17,61460,1816,236328,139535.0
44,8/14/18,63733,2592,282169,107144.0
79,8/14/2013,43437,1727,71481,78.48100000000001
44,8/14/2014,38863,1069,119789,67.92399999999999
44,8/14/2015,40903,1778,139172,72319.0
45,8/15/16,49056,1417,187394,107305.0
45,8/15/17,52460,948,236504,105695.0
45,8/15/18,73124,3565,282317,128453.0
80,8/15/2013,42922,1733,71862,76.29899999999999
45,8/15/2014,35524,1198,119869,60015.0
45,8/15/2015,38777,4773,139377,92390.0
46,8/16/16,50411,1295,187601,103010.0
46,8/16/17,68434,1905,236681,159032.0
46,8/16/18,70825,3511,282471,123444.0
81,8/16/2013,41251,2085,72207,77.044
46,8/16/2014,36127,4217,119962,83272.0
46,8/16/2015,30337,2720,139514,65629.0
47,8/17/16,53983,1430,187820,113583.0
47,8/17/17,66654,2087,236872,156810.0
47,8/17/18,63316,3563,282583,109405.0
82,8/17/2013,44284,5729,72471,104.29
47,8/17/2014,30223,2344,120069,61390.0
47,8/17/2015,37446,1285,139712,64425.0
48,8/18/16,53209,1459,187998,115041.0
48,8/18/17,36619,840,236984,90704.0
48,8/18/18,57284,6672,282795,125508.0
83,8/18/2013,31512,2524,72846,62.738
48,8/18/2014,37851,1156,120227,64873.0
48,8/18/2015,39913,1163,139882,67805.0
49,8/19/16,51658,1862,188186,110723.0
49,8/19/17,62440,5992,237324,186037.0
49,8/19/18,45874,3926,282943,86651.0
84,8/19/2013,37922,1395,73299,65.704
49,8/19/2014,38912,965,120356,65883.0
49,8/19/2015,40721,1266,140076,69834.0
32,8/2/16,56744,1636,184558,116187.0
32,8/2/17,56179,3291,233958,122622.0
32,8/2/18,69711,2998,280110,118282.0
67,8/2/2013,40654,2302,67027,75.39
32,8/2/2014,30013,2540,118408,60.544
32,8/2/2015,32482,3189,137738,72633.0
50,8/20/16,45808,4385,188499,138864.0
50,8/20/17,55438,4218,237518,147379.0
50,8/20/18,67589,3312,283162,118793.0
85,8/20/2013,41155,1491,73703,72.697
50,8/20/2014,39090,1057,120470,66900.0
50,8/20/2015,39275,1275,140222,66772.0
51,8/21/16,35041,2664,188725,96941.0
51,8/21/17,61055,1832,237710,138059.0
51,8/21/18,75214,3683,283358,132261.0
86,8/21/2013,41718,1365,74080,73.19800000000001
51,8/21/2014,36917,960,120598,62373.0
51,8/21/2015,38033,1572,140392,66202.0
52,8/22/16,54201,1679,188996,118995.0
52,8/22/17,60541,1477,237878,133409.0
52,8/22/18,72614,3366,283543,125978.0
87,8/22/2013,30747,787,74400,51.255
52,8/22/2014,33147,863,120688,54765.0
52,8/22/2015,34269,3632,140516,77058.0
53,8/23/16,58665,1675,189297,127012.0
53,8/23/17,65069,1712,238057,141360.0
53,8/23/18,73877,3975,283720,130310.0
88,8/23/2013,38716,1965,74713,72.175
53,8/23/2014,28956,2254,120769,57270.0
53,8/23/2015,33059,2960,140725,71456.0
54,8/24/16,58134,1597,189577,127066.0
54,8/24/17,66306,1820,238257,151449.0
54,8/24/18,72894,4794,283884,132952.0
89,8/24/2013,38049,3933,75012,81.05199999999999
54,8/24/2014,30422,2528,120884,65005.0
54,8/24/2015,38676,1253,140971,68193.0
55,8/25/16,53480,1436,189856,111985.0
55,8/25/17,64217,2316,238406,156344.0
55,8/25/18,64683,7535,284066,140537.0
90,8/25/2013,36641,3626,75372,80.733
55,8/25/2014,36244,1007,121050,60866.0
55,8/25/2015,41052,1224,141218,71734.0
56,8/26/16,52026,1878,190156,112005.0
56,8/26/17,50111,3621,238546,132832.0
56,8/26/18,60954,6928,284268,132223.0
91,8/26/2013,34812,1098,75756,61.473
56,8/26/2014,37937,937,121157,62487.0
56,8/26/2015,42373,1247,141423,73578.0
57,8/27/16,45673,3767,190480,120578.0
57,8/27/17,54594,4135,238771,145524.0
57,8/27/18,67630,3350,284457,116967.0
92,8/27/2013,39258,1222,76123,67.086
57,8/27/2014,36900,829,121292,61488.0
57,8/27/2015,42801,1333,141674,74735.0
58,8/28/16,44639,3560,190844,121056.0
58,8/28/17,60885,1616,239016,133126.0
58,8/28/18,66638,2814,284667,110486.0
93,8/28/2013,32262,765,76402,53.456
58,8/28/2014,37055,982,121423,62402.0
58,8/28/2015,41418,1774,141943,74240.0
59,8/29/16,53279,1530,191255,115101.0
59,8/29/17,35151,424,239163,67448.0
59,8/29/18,65903,2766,284791,107006.0
94,8/29/2013,38626,1363,76669,65.917
59,8/29/2014,34292,1329,121522,59371.0
59,8/29/2015,34053,3470,142169,74840.0
33,8/3/16,56992,1827,184766,118370.0
33,8/3/17,66144,1849,234160,146858.0
33,8/3/18,61962,3145,280279,105765.0
68,8/3/2013,34173,3417,67293,73.3
33,8/3/2014,27854,2146,118555,55.867
33,8/3/2015,39912,1400,137833,69232.0
60,8/30/16,57392,1510,191713,121098.0
60,8/30/17,65328,1760,239347,147325.0
60,8/30/18,67900,3218,284938,113385.0
95,8/30/2013,36870,1872,76922,67.249
60,8/30/2014,25239,2442,121610,52782.0
60,8/30/2015,32581,2902,142496,68990.0
61,8/31/16,57200,1320,192380,118815.0
61,8/31/17,64881,1727,239519,144852.0
61,8/31/18,58922,3186,285087,97818.0
96,8/31/2013,28547,3064,77133,60.049
61,8/31/2014,20097,1952,121690,41594.0
61,8/31/2015,40043,1197,143057,67836.0
34,8/4/16,56587,1778,184960,118563.0
34,8/4/17,56391,2212,234312,128749.0
34,8/4/18,51200,5352,280498,104541.0
69,8/4/2013,40103,4547,67685,93.191
34,8/4/2014,37408,1097,118704,63.736999999999995
34,8/4/2015,41672,1393,137913,71146.0
35,8/5/16,53286,2012,185186,116534.0
35,8/5/17,58966,5299,234524,169511.0
35,8/5/18,58379,6289,280721,122656.0
70,8/5/2013,41759,1924,68242,78.764
35,8/5/2014,38168,1059,118830,63.957
35,8/5/2015,42149,1357,138024,71111.0
36,8/6/16,44209,4159,185436,125188.0
36,8/6/17,56473,4686,234715,161492.0
36,8/6/18,65686,3022,280922,112585.0
71,8/6/2013,42974,1778,68744,79.262
36,8/6/2014,39942,1067,118938,66.342
36,8/6/2015,43455,1498,138142,74669.0
37,8/7/16,43631,3856,185682,116183.0
37,8/7/17,23395,249,234851,55927.0
37,8/7/18,64351,2640,281097,106678.0
72,8/7/2013,39120,1261,69137,66.709
37,8/7/2014,39933,1083,119047,67.398
37,8/7/2015,41967,1862,138224,74844.0
38,8/8/16,52251,1753,185956,115847.0
38,8/8/17,65228,1738,235084,145901.0
38,8/8/18,70577,2911,281275,120473.0
73,8/8/2013,32063,946,69436,51.665
38,8/8/2014,37367,1342,119137,64.33
38,8/8/2015,39866,5101,138366,95931.0
39,8/9/16,56101,1701,186223,114892.0
39,8/9/17,67874,1952,235283,170524.0
39,8/9/18,71976,3379,281441,124150.0
74,8/9/2013,32926,1269,69722,54.952
39,8/9/2014,35701,3814,119244,81.003
39,8/9/2015,33654,3425,138455,78144.0
62,9/1/16,38174,714,192592,77415.0
62,9/1/17,54881,1775,239653,129382.0
62,9/1/18,54318,6711,285245,116904.0
97,9/1/2013,28330,3273,77331,61.096000000000004
62,9/1/2014,26055,2083,121809,51270.0
62,9/1/2015,43069,1199,143239,72939.0
71,9/10/16,48454,3549,195189,127252.0
71,9/10/17,60750,4056,241329,154588.0
71,9/10/18,23949,463,286847,32472.0
106,9/10/2013,42038,986,80350,71.115
71,9/10/2014,41634,981,122915,69561.0
71,9/10/2015,22023,416,144769,31862.0
72,9/11/16,52238,3572,195499,136353.0
72,9/11/17,71964,1992,241563,166177.0
72,9/11/18,66552,2456,286985,109380.0
107,9/11/2013,40533,1046,80645,67.437
72,9/11/2014,40864,844,123006,65798.0
72,9/11/2015,47206,1929,144950,86598.0
73,9/12/16,61083,1620,195832,127447.0
73,9/12/17,74623,1737,241775,161263.0
73,9/12/18,53241,1650,287120,82748.0
108,9/12/2013,35065,756,80910,56.446999999999996
73,9/12/2014,41341,1195,123111,75561.0
73,9/12/2015,33282,2620,145145,68420.0
74,9/13/16,64818,1462,196122,135366.0
74,9/13/17,69616,1471,241991,146802.0
74,9/13/18,74054,2874,287262,123401.0
109,9/13/2013,41200,1375,81164,70.84899999999999
74,9/13/2014,19110,842,123192,31600.0
74,9/13/2015,34308,2814,145406,72749.0
75,9/14/16,58928,1369,196388,121511.0
75,9/14/17,72128,1551,242211,150535.0
75,9/14/18,74330,3623,287412,128288.0
110,9/14/2013,35363,3035,81370,69.18
75,9/14/2014,31589,2290,123309,62963.0
75,9/14/2015,44367,1751,145619,83150.0
76,9/15/16,67312,1612,196637,140436.0
76,9/15/17,72361,2088,242393,160138.0
76,9/15/18,71185,7570,287622,149524.0
111,9/15/2013,35843,3010,81650,72.551
76,9/15/2014,39044,858,123421,64983.0
76,9/15/2015,48402,1533,145951,88238.0
77,9/16/16,65257,2047,196886,145454.0
77,9/16/17,61077,4304,242552,156839.0
77,9/16/18,69515,7410,287897,150281.0
112,9/16/2013,35106,781,81970,56.195
77,9/16/2014,28285,484,123521,43250.0
77,9/16/2015,50780,1424,146279,91197.0
78,9/17/16,59199,5117,197163,154037.0
78,9/17/17,60003,3869,242748,156834.0
78,9/17/18,71340,2914,288137,118809.0
113,9/17/2013,43117,971,82207,70.847
78,9/17/2014,41347,916,123636,67758.0
78,9/17/2015,50275,1508,146611,91433.0
79,9/18/16,51685,3191,197449,131788.0
79,9/18/17,64207,1387,242968,138078.0
79,9/18/18,53077,1433,288266,82768.0
114,9/18/2013,42936,1078,82480,71.355
79,9/18/2014,41145,887,123718,67840.0
79,9/18/2015,49946,2090,146874,95186.0
80,9/19/16,34205,555,197620,67180.0
80,9/19/17,57977,914,243128,115451.0
80,9/19/18,74372,3529,288450,129089.0
115,9/19/2013,43920,1209,82735,73.65899999999999
80,9/19/2014,38162,979,123796,62500.0
80,9/19/2015,42653,184,1471994256,98568.0
63,9/2/16,52999,2314,192814,126790.0
63,9/2/17,37810,3359,239785,107949.0
63,9/2/18,60828,5562,285368,140923.0
98,9/2/2013,24094,1829,77609,46.06
63,9/2/2014,34005,693,121979,53842.0
63,9/2/2015,43004,1244,143424,72983.0
81,9/20/16,64881,1454,197880,135085.0
81,9/20/17,71222,1385,243309,150377.0
81,9/20/18,76803,3130,288599,129385.0
116,9/20/2013,43895,1631,82959,75.094
81,9/20/2014,32951,2464,123850,64838.0
81,9/20/2015,40099,3598,147602,90483.0
82,9/21/16,65453,1566,198118,142356.0
82,9/21/17,67799,1690,243503,152463.0
82,9/21/18,74940,3677,288719,128273.0
117,9/21/2013,35348,3096,83161,70.321
82,9/21/2014,28530,1693,123926,54319.0
82,9/21/2015,47178,1290,147960,85002.0
83,9/22/16,67762,1681,198363,146370.0
83,9/22/17,70192,2315,243715,163114.0
83,9/22/18,69133,7511,289160,142121.0
118,9/22/2013,33105,2479,83412,64.758
83,9/22/2014,36624,748,124044,59024.0
83,9/22/2015,48664,1080,148254,84251.0
84,9/23/16,65499,2053,198577,142458.0
84,9/23/17,62748,4821,243967,165582.0
84,9/23/18,55494,4716,289370,104944.0
119,9/23/2013,38963,1006,83689,64.157
84,9/23/2014,40105,841,124124,66590.0
84,9/23/2015,48175,1568,148522,88117.0
85,9/24/16,53258,3990,198827,137355.0
85,9/24/17,57503,3681,244277,148926.0
85,9/24/18,71631,2615,289524,115888.0
120,9/24/2013,42954,1158,83922,70.402
85,9/24/2014,38976,719,124230,62834.0
85,9/24/2015,52706,1766,148809,96872.0
86,9/25/16,53563,3871,199198,143312.0
86,9/25/17,69271,1537,244551,156367.0
86,9/25/18,25430,506,289591,35795.0
121,9/25/2013,42639,966,84130,70.5
86,9/25/2014,18282,165,124291,26019.0
86,9/25/2015,51367,2059,149055,95467.0
87,9/26/16,61120,1375,199480,128011.0
87,9/26/17,71566,1359,244809,156779.0
87,9/26/18,68007,2423,289698,110772.0
122,9/26/2013,42247,973,84305,68.646
87,9/26/2014,38394,1297,124376,66227.0
87,9/26/2015,42559,3769,149309,93740.0
88,9/27/16,61334,1175,199739,122347.0
88,9/27/17,69942,1268,245051,147977.0
88,9/27/18,75370,3044,289829,126480.0
123,9/27/2013,41368,1321,84519,68.977
88,9/27/2014,33322,2712,124433,69724.0
88,9/27/2015,38278,2940,149566,82841.0
89,9/28/16,59456,931,199989,120072.0
89,9/28/17,70951,1490,245299,148394.0
89,9/28/18,57230,1986,289911,90249.0
124,9/28/2013,38939,3452,84712,78.4
89,9/28/2014,32080,2259,124532,64811.0
89,9/28/2015,48009,1505,149886,90180.0
90,9/29/16,55550,808,200201,104364.0
90,9/29/17,67246,1875,245558,141709.0
90,9/29/18,69321,6960,290170,145920.0
125,9/29/2013,36040,2718,84913,70.652
90,9/29/2014,36896,689,124645,59305.0
90,9/29/2015,48728,1284,150277,87702.0
64,9/3/16,41629,4009,193055,117476.0
64,9/3/17,30955,2394,239906,83988.0
64,9/3/18,55067,6239,285609,117164.0
99,9/3/2013,36963,1015,77997,62.806999999999995
64,9/3/2014,38998,789,122124,62736.0
64,9/3/2015,42462,1251,143581,71265.0
91,9/30/16,21368,175,200447,45194.0
91,9/30/17,50200,2694,245923,113613.0
91,9/30/18,66224,6367,290467,139423.0
126,9/30/2013,41079,1023,85236,67.168
91,9/30/2014,39061,613,124734,59970.0
91,9/30/2015,39450,744,150811,65081.0
65,9/4/16,46020,5467,193326,140347.0
65,9/4/17,55284,5298,240126,164623.0
65,9/4/18,68655,2793,285867,114264.0
100,9/4/2013,42085,1263,78388,73.70100000000001
65,9/4/2014,40022,816,122248,64563.0
65,9/4/2015,39572,1843,143722,70681.0
66,9/5/16,45431,3778,193677,118022.0
66,9/5/17,65443,1607,240378,140362.0
66,9/5/18,74981,2934,286102,124919.0
101,9/5/2013,40817,1354,78726,70.544
66,9/5/2014,38325,1111,122356,64421.0
66,9/5/2015,33669,4271,143854,77956.0
67,9/6/16,52432,1018,194065,108743.0
67,9/6/17,42318,445,240541,86395.0
67,9/6/18,70264,2678,286304,113123.0
102,9/6/2013,40930,1556,79010,72.124
67,9/6/2014,28290,1674,122438,51519.0
67,9/6/2015,32875,4571,143962,82123.0
68,9/7/16,60278,1328,194396,130391.0
68,9/7/17,69571,1542,240750,148669.0
68,9/7/18,74586,3523,286475,127470.0
103,9/7/2013,38950,3600,79273,80.08
68,9/7/2014,32524,2222,122555,65394.0
68,9/7/2015,33280,3501,144160,75257.0
69,9/8/16,61551,1511,194674,130259.0
69,9/8/17,69616,1976,240903,154397.0
69,9/8/18,58284,5442,286637,111254.0
104,9/8/2013,37536,3025,79649,76.32600000000001
69,9/8/2014,38091,818,122697,60610.0
69,9/8/2015,42344,1138,144402,71591.0
70,9/9/16,56804,1582,194908,118213.0
70,9/9/17,60187,4196,241108,150847.0
70,9/9/18,19950,895,286752,30544.0
105,9/9/2013,40539,1060,80049,70.71300000000001
70,9/9/2014,38101,620,122818,59026.0
70,9/9/2015,43528,1041,144617,71173.0
